Возраст,Пол,Доход_тыс,Количество_кредитов,Семейное_положение,Образование,Недвижимость,Надежность
45,Мужской,28.28,3,Не женат/Не замужем,Высшее,Да,0
38,Женский,10.94,1,Не женат/Не замужем,Среднее,Да,1
47,Мужской,26.47,2,Разведён/Разведена,Ученая степень,Нет,0
58,Мужской,7.71,0,Не женат/Не замужем,Среднее,Да,1
37,Мужской,30.11,2,Женат/Замужем,Среднее,Да,1
37,Мужской,34.29,0,Не женат/Не замужем,,Нет,0
58,Женский,16.38,2,Женат/Замужем,Среднее,Нет,0
49,Женский,23.43,1,Не женат/Не замужем,Ученая степень,Нет,0
34,Женский,58.52,1,Не женат/Не замужем,Высшее,Да,1
46,Мужской,17.11,1,Женат/Замужем,Высшее,Да,1
34,Мужской,12.97,3,Разведён/Разведена,Высшее,Нет,0
34,Мужской,46.2,0,Не женат/Не замужем,Высшее,Нет,1
42,Мужской,58.76,2,Женат/Замужем,Среднее,Да,1
18,Мужской,22.07,2,Женат/Замужем,Высшее,Нет,0
19,Мужской,36.52,1,Разведён/Разведена,Высшее,Да,0
33,Мужской,,1,Женат/Замужем,Высшее,Да,1
27,Женский,15.2,2,Женат/Замужем,Высшее,Нет,0
43,Женский,17.28,2,Женат/Замужем,Среднее,Нет,0
29,Женский,40.76,1,Разведён/Разведена,Среднее,Да,1
23,Женский,51.15,0,Не женат/Не замужем,Среднее,Нет,0
57,Женский,29.19,1,Женат/Замужем,Среднее,Да,1
37,Мужской,14.19,0,Разведён/Разведена,Высшее,Да,1
40,Женский,59.49,2,Женат/Замужем,Высшее,Нет,1
22,Женский,16.89,3,Женат/Замужем,Среднее,Нет,0
33,Мужской,18.63,2,Женат/Замужем,Высшее,Да,1
41,Мужской,26.14,1,Женат/Замужем,Высшее,Да,1
26,Женский,,0,Женат/Замужем,Среднее,Да,1
44,Мужской,33.76,1,Женат/Замужем,Среднее,Нет,0
32,Женский,27.1,1,Женат/Замужем,Ученая степень,Да,1
36,Женский,27.77,2,Женат/Замужем,Высшее,Нет,0
32,Мужской,22.51,3,Разведён/Разведена,Ученая степень,Нет,0
62,Мужской,29.12,1,Не женат/Не замужем,Среднее,Нет,0
39,Мужской,6.22,1,Женат/Замужем,Высшее,Да,1
27,Мужской,18.99,1,Женат/Замужем,Среднее,Нет,0
49,Мужской,24.85,0,Женат/Замужем,Среднее,Да,1
25,Женский,12.39,1,Не женат/Не замужем,Высшее,Да,0
42,Мужской,,1,Женат/Замужем,Среднее,Да,1
18,Мужской,19.89,1,Разведён/Разведена,Среднее,Да,0
24,Мужской,,2,Женат/Замужем,Среднее,Нет,0
42,Женский,48.36,1,Разведён/Разведена,Среднее,Да,1
48,Мужской,17.45,1,Вдовец/Вдова,Высшее,Да,1
42,Мужской,20.43,2,Не женат/Не замужем,Высшее,Нет,0
38,Женский,21.23,0,Не женат/Не замужем,Среднее,Да,1
36,Женский,17.57,1,Вдовец/Вдова,Среднее,Нет,0
22,Мужской,24.28,2,Вдовец/Вдова,Среднее,Да,0
31,Женский,15.08,1,Не женат/Не замужем,Высшее,Да,1
34,Мужской,12.52,2,Не женат/Не замужем,,Нет,0
52,Мужской,30.07,0,Не женат/Не замужем,Высшее,Да,1
44,Мужской,30.17,1,Вдовец/Вдова,Среднее,Да,1
18,Мужской,14.73,0,Не женат/Не замужем,Среднее,Да,0
43,Женский,34.46,1,Женат/Замужем,Неоконченное высшее,Да,1
35,Мужской,16.06,1,Разведён/Разведена,Высшее,Да,1
31,Мужской,25.0,0,Не женат/Не замужем,Среднее,Да,1
47,Женский,33.2,0,Женат/Замужем,Высшее,Да,1
52,Женский,21.66,0,Не женат/Не замужем,Высшее,Нет,0
51,Мужской,27.65,1,Разведён/Разведена,Высшее,Да,1
29,Женский,17.01,0,Не женат/Не замужем,Высшее,Да,1
36,Мужской,19.97,1,Женат/Замужем,Высшее,Да,1
43,Женский,19.87,3,Женат/Замужем,Ученая степень,Нет,0
51,Женский,15.16,0,Не женат/Не замужем,Среднее,Нет,0
34,Женский,20.16,1,Не женат/Не замужем,Высшее,Нет,0
37,Мужской,10.15,3,Женат/Замужем,Высшее,Нет,0
26,Мужской,17.23,1,Не женат/Не замужем,Среднее,Да,1
25,Мужской,19.1,1,Разведён/Разведена,Среднее,Да,0
49,Мужской,19.38,1,Разведён/Разведена,Среднее,Да,1
56,Мужской,19.52,1,Женат/Замужем,Высшее,Да,1
39,Женский,21.36,2,Женат/Замужем,Высшее,Да,1
52,Мужской,27.99,1,Женат/Замужем,Высшее,Да,1
44,Мужской,34.11,2,Разведён/Разведена,Среднее,Нет,0
32,Женский,15.92,1,Женат/Замужем,Высшее,Нет,0
44,Мужской,12.07,3,Не женат/Не замужем,Неоконченное высшее,Да,0
58,Женский,,2,Не женат/Не замужем,Среднее,Нет,0
39,Мужской,17.26,1,Женат/Замужем,Высшее,Да,1
58,Мужской,18.47,2,Женат/Замужем,Высшее,Да,1
18,Мужской,14.99,2,Женат/Замужем,Высшее,Да,0
49,Мужской,,0,Не женат/Не замужем,Высшее,Да,1
41,Женский,17.53,1,Женат/Замужем,Неоконченное высшее,Да,1
36,Мужской,24.12,0,Не женат/Не замужем,Среднее,Нет,0
41,Мужской,29.66,1,Не женат/Не замужем,Неоконченное высшее,Да,1
18,Мужской,16.67,0,Женат/Замужем,Среднее,Да,0
37,Мужской,17.92,1,Не женат/Не замужем,Среднее,Да,1
44,Женский,13.86,3,Женат/Замужем,Среднее,Да,0
57,Мужской,21.68,3,Женат/Замужем,Высшее,Нет,0
33,Женский,14.41,3,Женат/Замужем,Высшее,Да,0
30,Женский,29.34,1,Женат/Замужем,Среднее,Нет,0
33,Женский,9.02,0,Не женат/Не замужем,Среднее,Нет,0
50,Женский,18.4,1,Не женат/Не замужем,Неоконченное высшее,Да,1
43,Мужской,25.61,1,Разведён/Разведена,Высшее,Да,1
33,Мужской,24.15,1,Женат/Замужем,Высшее,Нет,0
46,Мужской,84.67,2,Женат/Замужем,Высшее,Нет,1
41,Женский,26.24,0,Не женат/Не замужем,Высшее,Да,1
51,Женский,13.33,0,Женат/Замужем,Среднее,Нет,0
31,Мужской,21.0,2,Женат/Замужем,Неоконченное высшее,Нет,0
36,Женский,,0,Женат/Замужем,Среднее,Да,1
35,Мужской,21.16,3,Женат/Замужем,Высшее,Да,0
22,Женский,14.52,0,Не женат/Не замужем,Среднее,Нет,0
43,Мужской,34.81,0,Не женат/Не замужем,Высшее,Нет,0
43,Женский,16.73,0,Разведён/Разведена,Высшее,Да,1
40,Женский,20.78,0,Разведён/Разведена,Высшее,Да,1
37,Мужской,16.03,0,Не женат/Не замужем,Среднее,Да,1
23,Мужской,52.55,0,Женат/Замужем,Высшее,Да,1
34,Мужской,18.76,2,Не женат/Не замужем,Среднее,Нет,0
35,Мужской,55.07,2,Не женат/Не замужем,Среднее,Да,1
30,Мужской,33.09,1,Женат/Замужем,Среднее,Да,1
38,Женский,28.03,1,Не женат/Не замужем,Высшее,Да,1
44,Женский,26.49,1,Женат/Замужем,Высшее,Да,1
62,Мужской,26.82,0,Женат/Замужем,Высшее,Да,1
42,Мужской,8.4,1,Не женат/Не замужем,Высшее,Да,1
43,Женский,19.16,5,Не женат/Не замужем,Высшее,Да,0
39,Женский,33.61,3,Разведён/Разведена,Высшее,Да,0
18,Мужской,21.49,3,Не женат/Не замужем,Среднее,Да,0
39,Женский,10.91,0,Женат/Замужем,Среднее,Да,1
40,Мужской,21.46,1,Женат/Замужем,Высшее,Нет,0
69,Мужской,51.64,2,Женат/Замужем,Высшее,Да,1
37,Мужской,41.09,1,Женат/Замужем,Высшее,Да,1
43,Мужской,21.35,2,Не женат/Не замужем,Неоконченное высшее,Нет,0
39,Мужской,35.44,1,Не женат/Не замужем,Среднее,Да,1
25,Женский,18.34,2,Не женат/Не замужем,Среднее,Нет,0
53,Женский,,1,Женат/Замужем,Высшее,Да,1
49,Женский,13.87,2,Женат/Замужем,Среднее,Да,1
49,Мужской,48.12,1,Не женат/Не замужем,Среднее,Нет,1
29,Мужской,19.21,1,Не женат/Не замужем,Неоконченное высшее,Нет,0
56,Женский,19.5,3,Женат/Замужем,Среднее,Да,0
23,Мужской,18.96,1,Женат/Замужем,Неоконченное высшее,Да,0
47,Мужской,57.07,2,Вдовец/Вдова,,Да,1
66,Мужской,49.66,3,Женат/Замужем,Высшее,Нет,0
28,Женский,66.8,1,Женат/Замужем,Среднее,Нет,1
33,Мужской,20.34,0,Женат/Замужем,Среднее,Да,1
41,Мужской,25.54,3,Разведён/Разведена,Высшее,Да,0
33,Женский,10.32,2,Разведён/Разведена,,Да,1
21,Мужской,46.1,1,Женат/Замужем,Среднее,Да,1
40,Мужской,12.28,2,Не женат/Не замужем,Среднее,Да,1
27,Мужской,24.55,0,Не женат/Не замужем,Среднее,Да,1
45,Мужской,12.73,0,Женат/Замужем,Среднее,Да,1
28,Женский,16.41,0,Женат/Замужем,Высшее,Нет,0
58,Мужской,14.49,2,Женат/Замужем,Среднее,Нет,0
30,Мужской,16.25,0,Не женат/Не замужем,Среднее,Да,1
36,Женский,16.82,2,Женат/Замужем,Высшее,Да,1
49,Женский,16.75,1,Разведён/Разведена,Ученая степень,Нет,0
25,Женский,33.41,0,Не женат/Не замужем,Среднее,Да,0
42,Мужской,12.68,0,Женат/Замужем,Среднее,Нет,0
55,Мужской,24.59,2,Женат/Замужем,Высшее,Да,1
20,Женский,40.5,2,Разведён/Разведена,Неоконченное высшее,Да,1
42,Женский,17.04,1,Разведён/Разведена,Высшее,Да,1
43,Мужской,15.38,0,Женат/Замужем,Высшее,Да,1
49,Мужской,19.63,4,Женат/Замужем,Среднее,Нет,0
25,Мужской,39.73,0,Разведён/Разведена,,Да,0
24,Женский,,2,Женат/Замужем,,Да,0
46,Мужской,16.89,3,Женат/Замужем,Высшее,Да,0
43,Мужской,28.06,2,Женат/Замужем,Высшее,Нет,0
43,Мужской,12.69,1,Не женат/Не замужем,Ученая степень,Да,1
44,Женский,,1,Женат/Замужем,Среднее,Да,1
31,Женский,27.02,1,Разведён/Разведена,Среднее,Да,1
42,Мужской,18.88,1,Женат/Замужем,,Да,1
43,Женский,14.48,0,Женат/Замужем,Высшее,Да,1
31,Женский,14.14,2,Не женат/Не замужем,Высшее,Нет,0
62,Мужской,28.78,0,Женат/Замужем,Среднее,Да,1
45,Мужской,40.72,3,Не женат/Не замужем,Среднее,Да,1
25,Мужской,16.02,1,Не женат/Не замужем,,Нет,0
47,Женский,27.7,0,Женат/Замужем,Среднее,Да,1
28,Женский,7.76,3,Не женат/Не замужем,Неоконченное высшее,Да,0
49,Женский,16.44,1,Женат/Замужем,Высшее,Да,1
53,Женский,21.69,1,Женат/Замужем,Высшее,Да,1
30,Мужской,13.98,0,Вдовец/Вдова,Высшее,Нет,0
51,Женский,13.79,1,Женат/Замужем,Высшее,Да,1
44,Мужской,15.77,0,Не женат/Не замужем,Среднее,Да,1
49,Мужской,25.49,1,Не женат/Не замужем,Высшее,Нет,0
62,Женский,20.06,1,Женат/Замужем,Среднее,Да,1
37,Женский,7.19,2,Женат/Замужем,Высшее,Да,1
30,Мужской,7.63,3,Женат/Замужем,Среднее,Да,0
29,Женский,,1,Женат/Замужем,Высшее,Да,1
30,Женский,27.69,1,Не женат/Не замужем,Среднее,Нет,0
39,Мужской,5.58,0,Женат/Замужем,Среднее,Нет,0
44,Женский,17.16,0,Женат/Замужем,Ученая степень,Да,1
43,Мужской,16.93,2,Не женат/Не замужем,Среднее,Да,1
49,Мужской,44.1,0,Не женат/Не замужем,Высшее,Да,1
40,Мужской,18.17,1,Не женат/Не замужем,Ученая степень,Да,1
57,Женский,26.68,0,Не женат/Не замужем,,Да,1
36,Женский,23.64,0,Женат/Замужем,Высшее,Да,1
70,Мужской,7.59,2,Не женат/Не замужем,Среднее,Нет,0
47,Мужской,32.34,2,Не женат/Не замужем,Среднее,Нет,0
29,Женский,24.53,2,Не женат/Не замужем,Высшее,Да,1
27,Мужской,,0,Вдовец/Вдова,Неоконченное высшее,Да,1
45,Женский,156.86,2,Разведён/Разведена,Среднее,Да,1
37,Женский,7.77,2,Не женат/Не замужем,Высшее,Нет,0
48,Мужской,52.17,5,Женат/Замужем,Высшее,Нет,0
45,Женский,19.08,1,Не женат/Не замужем,Неоконченное высшее,Нет,0
39,Мужской,25.43,2,Женат/Замужем,Среднее,Да,1
29,Женский,21.53,1,Не женат/Не замужем,Высшее,Нет,0
21,Женский,17.82,1,Женат/Замужем,Высшее,Да,0
34,Женский,16.57,3,Женат/Замужем,Высшее,Да,0
50,Мужской,25.97,2,Разведён/Разведена,Неоконченное высшее,Да,1
42,Женский,10.32,0,Не женат/Не замужем,Высшее,Да,1
25,Мужской,32.06,0,Разведён/Разведена,,Да,0
42,Мужской,17.89,3,Женат/Замужем,Высшее,Да,0
44,Мужской,12.52,1,Не женат/Не замужем,Среднее,Да,1
29,Женский,17.59,1,Женат/Замужем,Среднее,Да,1
41,Мужской,,0,Не женат/Не замужем,Высшее,Да,1
40,Женский,16.85,1,Не женат/Не замужем,Среднее,Да,1
26,Женский,26.35,1,Не женат/Не замужем,Высшее,Да,1
44,Мужской,15.28,1,Женат/Замужем,Ученая степень,Да,1
46,Женский,32.18,0,Женат/Замужем,Среднее,Да,1
52,Мужской,31.03,1,Разведён/Разведена,Неоконченное высшее,Нет,0
52,Женский,55.51,2,Не женат/Не замужем,Высшее,Да,1
23,Женский,20.18,0,Вдовец/Вдова,Высшее,Да,0
28,Мужской,30.77,3,Не женат/Не замужем,,Да,0
46,Женский,23.13,1,Женат/Замужем,Среднее,Нет,0
46,Мужской,42.11,2,Женат/Замужем,,Нет,1
46,Мужской,15.38,0,Не женат/Не замужем,Высшее,Да,1
70,Женский,31.97,0,Разведён/Разведена,Среднее,Да,1
46,Мужской,19.98,0,Женат/Замужем,Неоконченное высшее,Нет,0
53,Мужской,21.33,2,Женат/Замужем,Высшее,Нет,0
51,Мужской,23.06,2,Женат/Замужем,Среднее,Нет,0
47,Женский,24.99,1,Женат/Замужем,Среднее,Нет,0
36,Мужской,20.78,2,Женат/Замужем,Высшее,Нет,0
49,Мужской,24.52,0,Женат/Замужем,Среднее,Да,1
30,Женский,48.49,0,Не женат/Не замужем,Высшее,Да,1
37,Женский,36.05,0,Женат/Замужем,Среднее,Да,1
34,Мужской,,2,Разведён/Разведена,Высшее,Нет,0
40,Мужской,17.54,2,Не женат/Не замужем,Среднее,Да,1
67,Мужской,14.12,1,Не женат/Не замужем,Среднее,Нет,0
18,Мужской,,1,Женат/Замужем,Высшее,Да,0
48,Мужской,34.13,0,Женат/Замужем,Высшее,Да,1
20,Женский,46.0,1,Женат/Замужем,Ученая степень,Нет,0
34,Женский,16.29,3,Не женат/Не замужем,Неоконченное высшее,Да,0
53,Женский,19.64,3,Женат/Замужем,Среднее,Да,0
40,Мужской,9.7,2,Не женат/Не замужем,Среднее,Да,1
27,Женский,,0,Женат/Замужем,Высшее,Да,1
31,Мужской,36.25,0,Женат/Замужем,Неоконченное высшее,Да,1
48,Женский,17.44,0,Не женат/Не замужем,Высшее,Да,1
31,Женский,30.34,1,Женат/Замужем,Среднее,Да,1
42,Мужской,20.03,0,Вдовец/Вдова,Ученая степень,Нет,0
40,Женский,25.9,1,Женат/Замужем,Среднее,Нет,0
32,Мужской,12.41,1,Разведён/Разведена,Высшее,Да,1
65,Женский,22.99,3,Женат/Замужем,Неоконченное высшее,Нет,0
47,Мужской,4.94,1,Женат/Замужем,Среднее,Да,1
18,Мужской,20.06,0,Не женат/Не замужем,,Да,0
42,Женский,9.75,0,Не женат/Не замужем,Среднее,Да,1
32,Мужской,40.26,1,Не женат/Не замужем,Ученая степень,Нет,1
50,Женский,32.49,1,Женат/Замужем,Среднее,Нет,0
30,Мужской,27.82,2,Разведён/Разведена,Ученая степень,Да,1
38,Женский,47.12,1,Женат/Замужем,Среднее,Да,1
46,Женский,13.71,2,Женат/Замужем,Высшее,Да,1
50,Мужской,52.77,0,Женат/Замужем,Высшее,Да,1
25,Мужской,35.1,2,Женат/Замужем,Высшее,Да,0
35,Мужской,19.57,0,Женат/Замужем,Среднее,Да,1
34,Мужской,38.86,2,Женат/Замужем,Высшее,Нет,0
32,Мужской,12.67,1,Женат/Замужем,Среднее,Да,1
61,Женский,14.58,1,Не женат/Не замужем,Высшее,Нет,0
44,Женский,16.25,2,Вдовец/Вдова,Среднее,Нет,0
24,Женский,16.91,3,Не женат/Не замужем,Ученая степень,Да,0
51,Женский,12.99,2,Не женат/Не замужем,Среднее,Нет,0
65,Женский,40.6,0,Разведён/Разведена,Среднее,Нет,1
52,Женский,19.35,1,Женат/Замужем,,Да,1
21,Мужской,26.27,2,Женат/Замужем,,Да,0
34,Женский,16.56,2,Женат/Замужем,Среднее,Нет,0
55,Женский,8.86,0,Женат/Замужем,Высшее,Да,1
31,Женский,25.21,1,Не женат/Не замужем,Неоконченное высшее,Да,1
45,Мужской,8.47,1,Женат/Замужем,Высшее,Да,1
49,Мужской,21.28,1,Женат/Замужем,Высшее,Нет,0
28,Мужской,11.11,0,Женат/Замужем,Среднее,Нет,0
39,Женский,59.49,2,Женат/Замужем,Высшее,Нет,1
18,Мужской,34.74,1,Разведён/Разведена,Среднее,Да,0
27,Мужской,23.22,0,Не женат/Не замужем,Высшее,Да,1
36,Женский,41.43,2,Женат/Замужем,Среднее,Да,1
25,Мужской,14.43,1,Женат/Замужем,Высшее,Нет,0
59,Мужской,,1,Разведён/Разведена,,Да,1
22,Мужской,24.34,1,Не женат/Не замужем,Неоконченное высшее,Да,0
34,Женский,25.13,3,Женат/Замужем,Среднее,Да,0
41,Женский,41.61,1,Разведён/Разведена,Высшее,Да,1
57,Мужской,31.77,1,Не женат/Не замужем,Среднее,Нет,0
22,Женский,25.45,2,Разведён/Разведена,Высшее,Нет,0
53,Мужской,9.63,1,Не женат/Не замужем,Неоконченное высшее,Нет,0
40,Женский,13.63,0,Женат/Замужем,Высшее,Да,1
28,Женский,20.72,0,Разведён/Разведена,Высшее,Нет,0
45,Женский,23.08,1,Женат/Замужем,Неоконченное высшее,Нет,0
42,Мужской,12.52,0,Женат/Замужем,Высшее,Да,1
32,Женский,73.56,2,Не женат/Не замужем,Высшее,Нет,1
40,Женский,47.01,1,Разведён/Разведена,Высшее,Да,1
35,Мужской,29.76,2,Женат/Замужем,Высшее,Нет,0
41,Женский,22.83,0,Не женат/Не замужем,Среднее,Нет,0
47,Мужской,19.81,2,Женат/Замужем,Высшее,Нет,0
59,Женский,13.68,1,Женат/Замужем,Высшее,Да,1
25,Мужской,22.9,1,Не женат/Не замужем,Среднее,Да,0
65,Женский,25.06,3,Не женат/Не замужем,Высшее,Да,0
18,Мужской,11.84,4,Не женат/Не замужем,Среднее,Да,0
38,Мужской,26.03,3,Женат/Замужем,,Нет,0
47,Мужской,20.38,2,Женат/Замужем,Высшее,Нет,0
43,Мужской,8.49,1,Женат/Замужем,Неоконченное высшее,Нет,0
32,Мужской,14.33,0,Разведён/Разведена,Неоконченное высшее,Да,1
37,Мужской,17.91,2,Разведён/Разведена,Ученая степень,Нет,0
34,Женский,56.6,0,Женат/Замужем,Неоконченное высшее,Нет,1
32,Мужской,29.09,1,Не женат/Не замужем,Среднее,Нет,0
50,Мужской,11.3,0,Женат/Замужем,Среднее,Да,1
44,Женский,28.09,0,Женат/Замужем,Высшее,Да,1
31,Мужской,10.16,3,Женат/Замужем,Среднее,Да,0
50,Женский,37.85,0,Женат/Замужем,,Да,1
43,Женский,17.4,1,Женат/Замужем,Высшее,Да,1
49,Женский,21.02,1,Разведён/Разведена,Среднее,Нет,0
47,Женский,,2,Не женат/Не замужем,Неоконченное высшее,Да,1
30,Женский,11.57,1,Женат/Замужем,Высшее,Да,1
33,Мужской,10.95,1,Не женат/Не замужем,Высшее,Да,1
48,Мужской,16.45,2,Разведён/Разведена,Ученая степень,Нет,0
47,Мужской,37.02,2,Не женат/Не замужем,Высшее,Нет,0
39,Женский,10.3,1,Не женат/Не замужем,Среднее,Нет,0
41,Мужской,,4,Женат/Замужем,Высшее,Да,0
55,Женский,17.58,1,Женат/Замужем,Высшее,Да,1
32,Женский,29.02,1,Не женат/Не замужем,Высшее,Нет,0
46,Женский,40.14,0,Женат/Замужем,Высшее,Да,1
37,Мужской,17.47,3,Женат/Замужем,Высшее,Да,0
37,Мужской,17.93,0,Не женат/Не замужем,Среднее,Да,1
53,Женский,39.22,0,Женат/Замужем,Неоконченное высшее,Да,1
49,Женский,,1,Разведён/Разведена,Неоконченное высшее,Нет,0
49,Мужской,18.14,1,Женат/Замужем,Среднее,Да,1
55,Мужской,24.23,1,Женат/Замужем,Среднее,Да,1
40,Женский,27.57,1,Женат/Замужем,Ученая степень,Да,1
48,Женский,17.07,1,Женат/Замужем,Неоконченное высшее,Да,1
36,Женский,22.41,2,Не женат/Не замужем,Неоконченное высшее,Да,1
43,Женский,,2,Не женат/Не замужем,Неоконченное высшее,Нет,0
38,Женский,15.85,1,Разведён/Разведена,Высшее,Да,1
41,Мужской,27.63,2,Вдовец/Вдова,Высшее,Да,1
47,Мужской,13.48,3,Женат/Замужем,Высшее,Да,0
30,Мужской,22.69,2,Не женат/Не замужем,Среднее,Да,1
65,Мужской,27.54,2,Не женат/Не замужем,Высшее,Да,1
27,Женский,18.56,3,Женат/Замужем,Высшее,Да,0
25,Женский,23.99,1,Женат/Замужем,Высшее,Нет,0
53,Женский,13.61,1,Не женат/Не замужем,Высшее,Нет,0
49,Мужской,19.86,2,Разведён/Разведена,Высшее,Да,1
47,Женский,29.88,0,Женат/Замужем,Среднее,Да,1
47,Женский,23.82,0,Разведён/Разведена,,Нет,0
39,Женский,16.43,1,Женат/Замужем,Среднее,Нет,0
29,Женский,24.64,0,Женат/Замужем,Среднее,Да,1
40,Мужской,31.49,1,Женат/Замужем,Ученая степень,Нет,0
31,Мужской,7.9,0,Женат/Замужем,Среднее,Нет,0
51,Мужской,39.32,1,Женат/Замужем,Среднее,Нет,0
38,Мужской,18.62,1,Женат/Замужем,Высшее,Да,1
30,Мужской,27.25,2,Женат/Замужем,Высшее,Да,1
36,Женский,40.08,0,Вдовец/Вдова,Среднее,Да,1
44,Женский,,0,Женат/Замужем,Высшее,Нет,0
33,Женский,15.45,2,Женат/Замужем,Высшее,Да,1
30,Женский,,1,Разведён/Разведена,Среднее,Да,1
42,Мужской,,2,Не женат/Не замужем,Среднее,Нет,0
42,Женский,52.44,1,Не женат/Не замужем,Неоконченное высшее,Нет,1
33,Мужской,14.35,1,Женат/Замужем,Высшее,Нет,0
34,Мужской,16.68,1,Женат/Замужем,Высшее,Нет,0
42,Мужской,24.4,2,Разведён/Разведена,Среднее,Нет,0
22,Мужской,12.08,1,Женат/Замужем,,Да,0
23,Мужской,18.07,0,Женат/Замужем,Высшее,Нет,0
31,Мужской,25.82,0,Женат/Замужем,Среднее,Нет,0
37,Мужской,18.65,1,Не женат/Не замужем,,Да,1
43,Женский,21.02,0,Женат/Замужем,Высшее,Да,1
57,Мужской,16.9,4,Разведён/Разведена,Среднее,Нет,0
50,Мужской,10.33,0,Не женат/Не замужем,Высшее,Да,1
38,Мужской,25.87,3,Женат/Замужем,Высшее,Нет,0
39,Женский,52.97,1,Женат/Замужем,Среднее,Да,1
27,Мужской,22.23,0,Не женат/Не замужем,Высшее,Да,1
39,Мужской,24.65,0,Не женат/Не замужем,,Да,1
36,Мужской,31.14,4,Вдовец/Вдова,Высшее,Да,0
43,Мужской,11.68,0,Женат/Замужем,Среднее,Нет,0
30,Мужской,51.6,0,Не женат/Не замужем,Среднее,Да,1
46,Мужской,24.37,1,Не женат/Не замужем,Высшее,Да,1
58,Мужской,49.81,1,Женат/Замужем,,Да,1
38,Мужской,15.27,0,Женат/Замужем,Неоконченное высшее,Да,1
44,Мужской,54.67,0,Женат/Замужем,Среднее,Да,1
48,Женский,,2,Не женат/Не замужем,Среднее,Нет,0
35,Женский,29.04,2,Разведён/Разведена,Высшее,Да,1
42,Мужской,24.76,0,Женат/Замужем,Высшее,Да,1
40,Мужской,19.45,2,Женат/Замужем,Среднее,Да,1
41,Женский,40.15,1,Женат/Замужем,,Да,1
30,Мужской,23.63,3,Женат/Замужем,Высшее,Да,0
40,Мужской,8.24,0,Разведён/Разведена,Неоконченное высшее,Да,1
45,Женский,12.6,0,Разведён/Разведена,Ученая степень,Нет,0
57,Мужской,,0,Женат/Замужем,Среднее,Нет,0
51,Мужской,25.72,0,Разведён/Разведена,Высшее,Нет,0
65,Мужской,21.41,2,Женат/Замужем,Среднее,Да,1
30,Женский,40.52,1,Разведён/Разведена,Высшее,Да,1
50,Мужской,,0,Не женат/Не замужем,Высшее,Да,1
42,Женский,23.67,0,Женат/Замужем,Ученая степень,Нет,0
66,Женский,8.88,1,Не женат/Не замужем,Высшее,Нет,0
30,Мужской,32.2,1,Разведён/Разведена,Ученая степень,Да,1
29,Мужской,21.01,1,Не женат/Не замужем,Высшее,Да,1
32,Мужской,27.17,0,Женат/Замужем,Неоконченное высшее,Нет,0
18,Мужской,14.3,0,Женат/Замужем,Высшее,Нет,0
33,Мужской,41.76,1,Женат/Замужем,Высшее,Нет,1
30,Женский,37.08,2,Женат/Замужем,Среднее,Нет,0
41,Женский,,1,Разведён/Разведена,Среднее,Нет,0
44,Женский,20.65,0,Женат/Замужем,Среднее,Да,1
62,Мужской,29.43,1,Разведён/Разведена,Высшее,Нет,0
51,Женский,15.47,0,Не женат/Не замужем,Высшее,Нет,0
33,Женский,33.79,0,Женат/Замужем,Высшее,Нет,0
29,Женский,50.25,1,Женат/Замужем,Ученая степень,Да,1
45,Мужской,37.62,2,Не женат/Не замужем,Неоконченное высшее,Да,1
24,Женский,15.29,0,Женат/Замужем,Среднее,Да,0
61,Мужской,26.39,0,Женат/Замужем,,Да,1
54,Мужской,11.54,4,Женат/Замужем,Высшее,Нет,0
34,Мужской,29.32,0,Женат/Замужем,Среднее,Да,1
19,Женский,27.59,0,Женат/Замужем,Высшее,Да,0
56,Женский,8.65,1,Не женат/Не замужем,Высшее,Нет,0
38,Мужской,12.32,0,Не женат/Не замужем,Высшее,Да,1
54,Мужской,19.12,1,Женат/Замужем,Неоконченное высшее,Да,1
20,Мужской,18.95,2,Не женат/Не замужем,Высшее,Да,0
32,Мужской,12.03,1,Не женат/Не замужем,Среднее,Да,1
40,Мужской,26.76,1,Женат/Замужем,Высшее,Да,1
40,Мужской,24.98,0,Женат/Замужем,Высшее,Нет,0
34,Женский,,1,Женат/Замужем,Среднее,Да,1
47,Мужской,,1,Женат/Замужем,Среднее,Нет,0
27,Мужской,37.21,2,Женат/Замужем,Высшее,Да,1
38,Мужской,50.4,1,Женат/Замужем,Среднее,Да,1
41,Женский,17.3,0,Женат/Замужем,,Да,1
46,Женский,16.22,2,Женат/Замужем,Высшее,Да,1
48,Женский,28.16,1,Женат/Замужем,Высшее,Да,1
26,Мужской,18.42,1,Женат/Замужем,Среднее,Да,1
21,Женский,20.54,2,Не женат/Не замужем,Среднее,Да,0
55,Мужской,31.88,2,Женат/Замужем,Высшее,Да,1
43,Женский,8.48,0,Женат/Замужем,Среднее,Да,1
31,Женский,42.58,2,Разведён/Разведена,Неоконченное высшее,Да,1
58,Женский,22.84,4,Разведён/Разведена,Высшее,Нет,0
41,Женский,17.93,3,Женат/Замужем,Среднее,Нет,0
54,Женский,21.07,0,Не женат/Не замужем,Среднее,Да,1
40,Мужской,21.62,2,Не женат/Не замужем,Среднее,Да,1
64,Женский,9.27,1,Женат/Замужем,Среднее,Нет,0
61,Мужской,46.51,1,Женат/Замужем,Среднее,Да,1
37,Мужской,22.49,1,Не женат/Не замужем,Высшее,Нет,0
51,Мужской,27.49,3,Женат/Замужем,Среднее,Да,0
47,Мужской,35.45,0,Не женат/Не замужем,Высшее,Нет,0
56,Мужской,13.22,1,Вдовец/Вдова,Высшее,Да,1
28,Мужской,27.91,4,Не женат/Не замужем,Среднее,Нет,0
48,Мужской,19.27,1,Разведён/Разведена,Среднее,Да,1
52,Женский,33.64,2,Разведён/Разведена,Среднее,Нет,0
18,Мужской,7.6,2,Женат/Замужем,Среднее,Да,0
25,Мужской,20.96,0,Женат/Замужем,,Да,0
18,Женский,16.29,2,Женат/Замужем,Среднее,Нет,0
36,Мужской,27.34,3,Женат/Замужем,Высшее,Да,0
48,Женский,27.86,0,Женат/Замужем,Высшее,Нет,0
58,Женский,15.46,2,Женат/Замужем,Высшее,Да,1
40,Женский,15.43,2,Женат/Замужем,Высшее,Нет,0
59,Женский,20.84,2,Женат/Замужем,,Да,1
23,Мужской,14.07,2,Женат/Замужем,Среднее,Нет,0
19,Женский,33.56,0,Не женат/Не замужем,Среднее,Нет,0
39,Мужской,18.31,1,Женат/Замужем,Высшее,Да,1
44,Мужской,5.15,2,Не женат/Не замужем,Среднее,Нет,0
39,Женский,18.26,1,Не женат/Не замужем,Высшее,Нет,0
18,Мужской,13.1,1,Не женат/Не замужем,Высшее,Да,0
38,Женский,9.74,1,Не женат/Не замужем,Высшее,Да,1
24,Женский,11.86,1,Не женат/Не замужем,Высшее,Да,0
48,Женский,23.26,2,Разведён/Разведена,Высшее,Нет,0
44,Женский,42.8,0,Не женат/Не замужем,Высшее,Да,1
28,Мужской,25.76,3,Женат/Замужем,,Да,0
33,Мужской,16.26,0,Не женат/Не замужем,Высшее,Да,1
27,Женский,27.67,2,Разведён/Разведена,Высшее,Да,1
39,Мужской,17.51,1,Женат/Замужем,Неоконченное высшее,Нет,0
51,Женский,15.56,0,Женат/Замужем,Высшее,Нет,0
28,Женский,12.37,2,Женат/Замужем,Высшее,Да,1
46,Женский,9.17,0,Женат/Замужем,Высшее,Да,1
33,Мужской,18.12,0,Женат/Замужем,Высшее,Нет,0
30,Мужской,23.84,2,Не женат/Не замужем,Среднее,Да,1
38,Мужской,20.99,0,Вдовец/Вдова,Неоконченное высшее,Да,1
27,Мужской,17.89,1,Женат/Замужем,Среднее,Да,1
33,Женский,13.73,0,Женат/Замужем,Высшее,Да,1
25,Мужской,29.86,1,Женат/Замужем,Высшее,Да,0
63,Мужской,11.4,0,Женат/Замужем,Ученая степень,Нет,0
40,Мужской,32.47,3,Разведён/Разведена,Среднее,Да,0
31,Женский,13.34,0,Женат/Замужем,,Нет,0
42,Женский,15.12,0,Женат/Замужем,Высшее,Да,1
38,Мужской,10.58,3,Не женат/Не замужем,Среднее,Да,0
37,Мужской,17.14,1,Разведён/Разведена,Среднее,Нет,0
47,Мужской,35.87,3,Женат/Замужем,Высшее,Да,0
49,Мужской,28.5,2,Не женат/Не замужем,Высшее,Да,1
33,Женский,,0,Не женат/Не замужем,Среднее,Да,1
33,Женский,28.6,1,Женат/Замужем,Высшее,Да,1
36,Мужской,12.68,1,Вдовец/Вдова,Высшее,Нет,0
18,Мужской,18.67,1,Не женат/Не замужем,Высшее,Да,0
21,Женский,14.91,0,Женат/Замужем,Неоконченное высшее,Нет,0
56,Мужской,42.84,2,Не женат/Не замужем,Высшее,Да,1
59,Женский,12.11,2,Женат/Замужем,Ученая степень,Да,1
37,Мужской,34.44,0,Женат/Замужем,Неоконченное высшее,Нет,0
46,Мужской,34.42,0,Вдовец/Вдова,Среднее,Нет,0
43,Мужской,54.98,5,Женат/Замужем,Среднее,Да,1
70,Мужской,17.95,0,Разведён/Разведена,Высшее,Да,1
53,Женский,31.45,0,Женат/Замужем,Высшее,Да,1
38,Мужской,68.93,1,Не женат/Не замужем,Высшее,Нет,1
28,Мужской,16.17,2,Женат/Замужем,Высшее,Нет,0
20,Мужской,10.22,1,Женат/Замужем,Высшее,Нет,0
42,Мужской,8.6,2,Вдовец/Вдова,Высшее,Да,1
30,Мужской,31.46,1,Разведён/Разведена,Среднее,Нет,0
22,Мужской,8.59,1,Не женат/Не замужем,Неоконченное высшее,Да,0
32,Женский,18.29,2,Не женат/Не замужем,Среднее,Да,1
27,Мужской,27.41,1,Не женат/Не замужем,Ученая степень,Да,1
60,Мужской,24.16,1,Разведён/Разведена,Среднее,Нет,0
50,Женский,27.25,1,Разведён/Разведена,Ученая степень,Нет,0
39,Мужской,24.62,1,Женат/Замужем,Среднее,Да,1
57,Женский,41.75,1,Женат/Замужем,Среднее,Да,1
40,Мужской,13.68,2,Женат/Замужем,Среднее,Нет,0
29,Женский,15.7,0,Женат/Замужем,Высшее,Да,1
58,Женский,14.97,1,Не женат/Не замужем,Неоконченное высшее,Да,1
46,Женский,33.36,4,Женат/Замужем,Высшее,Нет,0
27,Женский,34.55,0,Не женат/Не замужем,,Нет,0
37,Мужской,27.6,0,Не женат/Не замужем,Высшее,Да,1
29,Женский,39.8,1,Разведён/Разведена,Высшее,Да,1
23,Мужской,12.22,2,Женат/Замужем,Высшее,Да,0
51,Мужской,50.7,4,Женат/Замужем,Среднее,Да,1
62,Мужской,47.17,2,Женат/Замужем,Среднее,Нет,1
23,Мужской,31.82,0,Женат/Замужем,Неоконченное высшее,Да,0
46,Мужской,53.69,0,Женат/Замужем,Неоконченное высшее,Нет,1
32,Женский,,1,Женат/Замужем,Ученая степень,Да,1
34,Мужской,16.95,0,Женат/Замужем,Неоконченное высшее,Да,1
32,Женский,15.25,1,Женат/Замужем,Среднее,Да,1
29,Женский,31.59,3,Не женат/Не замужем,Высшее,Нет,0
40,Мужской,13.03,0,Женат/Замужем,Высшее,Да,1
30,Мужской,32.17,3,Женат/Замужем,Ученая степень,Да,0
43,Мужской,43.71,1,Женат/Замужем,Высшее,Да,1
39,Мужской,31.18,0,Женат/Замужем,Высшее,Да,1
37,Мужской,25.38,1,Женат/Замужем,Высшее,Да,1
29,Мужской,13.44,0,Не женат/Не замужем,Среднее,Да,1
33,Мужской,,1,Женат/Замужем,Среднее,Да,1
49,Женский,41.14,2,Вдовец/Вдова,Неоконченное высшее,Да,1
46,Женский,32.52,1,Не женат/Не замужем,Высшее,Да,1
28,Мужской,21.6,1,Женат/Замужем,Среднее,Да,1
41,Женский,17.87,4,Женат/Замужем,Высшее,Да,0
49,Мужской,8.0,4,Не женат/Не замужем,Высшее,Да,0
19,Мужской,12.89,1,Женат/Замужем,Высшее,Да,0
46,Женский,57.28,1,Женат/Замужем,Среднее,Нет,1
32,Мужской,11.61,1,Женат/Замужем,Неоконченное высшее,Да,1
46,Мужской,24.22,0,Разведён/Разведена,Высшее,Да,1
30,Женский,36.45,2,Не женат/Не замужем,Высшее,Да,1
18,Женский,11.76,2,Не женат/Не замужем,Высшее,Нет,0
20,Женский,24.16,0,Разведён/Разведена,Среднее,Нет,0
40,Женский,35.21,1,Женат/Замужем,Высшее,Нет,0
43,Женский,22.16,1,Женат/Замужем,Среднее,Да,1
29,Мужской,92.43,1,Женат/Замужем,Среднее,Да,1
47,Мужской,9.56,0,Женат/Замужем,Высшее,Нет,0
20,Мужской,37.4,1,Женат/Замужем,Неоконченное высшее,Нет,0
39,Мужской,20.2,0,Не женат/Не замужем,Высшее,Да,1
25,Мужской,32.4,1,Не женат/Не замужем,Среднее,Нет,0
32,Мужской,27.46,0,Не женат/Не замужем,Высшее,Нет,0
40,Женский,15.27,5,Разведён/Разведена,Неоконченное высшее,Да,0
29,Женский,24.7,3,Не женат/Не замужем,Высшее,Да,0
35,Женский,8.7,0,Женат/Замужем,Неоконченное высшее,Да,1
52,Мужской,29.78,3,Разведён/Разведена,Высшее,Да,0
33,Женский,25.57,0,Женат/Замужем,Высшее,Нет,0
50,Мужской,30.31,0,Женат/Замужем,Среднее,Да,1
26,Женский,37.39,1,Женат/Замужем,Среднее,Нет,0
46,Мужской,26.47,0,Женат/Замужем,Среднее,Нет,0
57,Женский,23.72,1,Женат/Замужем,Высшее,Да,1
18,Мужской,14.18,2,Женат/Замужем,Неоконченное высшее,Да,0
30,Женский,15.43,3,Вдовец/Вдова,Неоконченное высшее,Нет,0
46,Женский,39.87,0,Разведён/Разведена,Среднее,Нет,0
37,Мужской,45.17,0,Разведён/Разведена,Среднее,Нет,1
44,Мужской,19.55,2,Разведён/Разведена,Среднее,Да,1
32,Женский,22.54,1,Женат/Замужем,Среднее,Да,1
41,Мужской,14.01,2,Женат/Замужем,Высшее,Да,1
38,Женский,39.59,1,Разведён/Разведена,Неоконченное высшее,Нет,0
54,Женский,30.72,1,Женат/Замужем,Ученая степень,Да,1
43,Мужской,58.14,0,Вдовец/Вдова,Высшее,Нет,1
44,Мужской,14.2,1,Женат/Замужем,Высшее,Да,1
35,Мужской,18.23,2,Женат/Замужем,Высшее,Нет,0
34,Женский,24.73,2,Женат/Замужем,Среднее,Нет,0
34,Мужской,30.43,0,Вдовец/Вдова,Высшее,Да,1
44,Мужской,19.77,2,Не женат/Не замужем,Высшее,Да,1
34,Мужской,14.24,1,Женат/Замужем,Высшее,Да,1
43,Женский,34.22,1,Женат/Замужем,Среднее,Да,1
64,Женский,31.59,1,Не женат/Не замужем,Среднее,Да,1
50,Женский,13.93,1,Женат/Замужем,Среднее,Да,1
36,Мужской,43.38,1,Женат/Замужем,Ученая степень,Да,1
54,Женский,39.54,0,Женат/Замужем,Высшее,Нет,0
35,Женский,23.56,0,Женат/Замужем,Высшее,Да,1
18,Женский,22.92,1,Женат/Замужем,Высшее,Да,0
27,Женский,,2,Женат/Замужем,Среднее,Нет,0
18,Мужской,14.32,1,Женат/Замужем,Высшее,Да,0
35,Мужской,22.36,3,Не женат/Не замужем,Неоконченное высшее,Нет,0
40,Женский,7.51,1,Вдовец/Вдова,Высшее,Нет,0
60,Мужской,34.14,1,Женат/Замужем,Неоконченное высшее,Да,1
43,Женский,10.09,0,Женат/Замужем,Среднее,Да,1
37,Женский,46.71,2,Женат/Замужем,Среднее,Да,1
49,Мужской,18.67,2,Женат/Замужем,Неоконченное высшее,Да,1
18,Женский,19.81,0,Женат/Замужем,Высшее,Да,0
42,Мужской,16.09,0,Женат/Замужем,Ученая степень,Да,1
49,Мужской,19.07,0,Женат/Замужем,Высшее,Да,1
22,Женский,44.77,2,Женат/Замужем,Неоконченное высшее,Да,1
53,Женский,6.35,1,Женат/Замужем,Высшее,Да,1
44,Мужской,41.71,2,Не женат/Не замужем,Высшее,Да,1
35,Мужской,26.08,0,Женат/Замужем,Высшее,Нет,0
47,Женский,12.05,2,Не женат/Не замужем,Среднее,Да,1
67,Женский,12.87,2,Не женат/Не замужем,Неоконченное высшее,Да,1
42,Женский,50.93,0,Разведён/Разведена,Высшее,Да,1
42,Мужской,13.73,0,Женат/Замужем,Высшее,Да,1
34,Мужской,12.37,1,Женат/Замужем,Высшее,Да,1
29,Мужской,38.9,1,Женат/Замужем,Высшее,Да,1
49,Женский,26.09,1,Разведён/Разведена,Высшее,Да,1
29,Мужской,13.78,1,Женат/Замужем,Среднее,Да,1
40,Мужской,,2,Женат/Замужем,Неоконченное высшее,Да,1
34,Женский,13.19,3,Женат/Замужем,Высшее,Да,0
45,Мужской,38.19,1,Вдовец/Вдова,Высшее,Да,1
44,Женский,37.45,2,Разведён/Разведена,Среднее,Да,1
52,Женский,28.74,2,Разведён/Разведена,Среднее,Нет,0
33,Женский,26.39,0,Не женат/Не замужем,Среднее,Нет,0
36,Мужской,53.14,2,Не женат/Не замужем,Высшее,Да,1
28,Мужской,22.02,2,Не женат/Не замужем,Среднее,Да,1
34,Женский,12.2,3,Не женат/Не замужем,Неоконченное высшее,Да,0
44,Женский,27.58,1,Разведён/Разведена,Среднее,Нет,0
49,Женский,62.51,1,Не женат/Не замужем,Среднее,Да,1
28,Мужской,13.26,0,Не женат/Не замужем,Среднее,Нет,0
50,Женский,18.38,0,Не женат/Не замужем,,Нет,0
56,Женский,27.13,1,Не женат/Не замужем,Высшее,Нет,0
44,Женский,21.44,1,Не женат/Не замужем,Неоконченное высшее,Да,1
62,Женский,13.48,0,Женат/Замужем,Высшее,Да,1
30,Женский,38.6,1,Женат/Замужем,Среднее,Да,1
25,Женский,70.26,1,Не женат/Не замужем,Среднее,Да,1
18,Мужской,24.3,2,Женат/Замужем,Высшее,Да,0
57,Мужской,14.02,1,Женат/Замужем,Ученая степень,Нет,0
47,Мужской,10.15,0,Не женат/Не замужем,Среднее,Да,1
39,Мужской,25.06,1,Женат/Замужем,Высшее,Да,1
43,Мужской,38.25,0,Женат/Замужем,Высшее,Да,1
26,Мужской,27.93,0,Женат/Замужем,Среднее,Нет,0
69,Мужской,22.0,0,Женат/Замужем,Высшее,Нет,0
41,Мужской,16.41,2,Не женат/Не замужем,Среднее,Да,1
41,Женский,12.76,1,Вдовец/Вдова,Высшее,Да,1
48,Женский,33.44,1,Разведён/Разведена,Среднее,Да,1
45,Мужской,34.78,1,Разведён/Разведена,Высшее,Да,1
42,Женский,10.17,1,Не женат/Не замужем,Среднее,Да,1
30,Мужской,48.77,1,Разведён/Разведена,Ученая степень,Нет,1
45,Мужской,29.35,1,Разведён/Разведена,Среднее,Да,1
62,Мужской,44.35,1,Разведён/Разведена,Неоконченное высшее,Да,1
56,Мужской,11.26,3,Не женат/Не замужем,Высшее,Да,0
59,Женский,11.13,1,Женат/Замужем,Ученая степень,Нет,0
33,Женский,20.45,1,Вдовец/Вдова,Высшее,Да,1
28,Мужской,28.32,2,Женат/Замужем,Высшее,Да,1
38,Мужской,54.08,1,Женат/Замужем,Среднее,Нет,1
40,Мужской,,3,Разведён/Разведена,Среднее,Да,0
53,Мужской,19.51,1,Женат/Замужем,Высшее,Нет,0
19,Мужской,13.18,0,Женат/Замужем,Среднее,Да,0
58,Мужской,40.74,3,Женат/Замужем,Ученая степень,Нет,0
38,Женский,13.6,0,Разведён/Разведена,Среднее,Да,1
34,Женский,49.72,1,Не женат/Не замужем,Высшее,Да,1
27,Мужской,19.11,0,Женат/Замужем,,Нет,0
20,Женский,48.79,1,Женат/Замужем,Высшее,Да,1
49,Мужской,30.93,2,Женат/Замужем,Высшее,Да,1
40,Мужской,20.57,0,Женат/Замужем,Среднее,Да,1
24,Мужской,16.99,1,Разведён/Разведена,Высшее,Да,0
24,Женский,18.57,3,Разведён/Разведена,Среднее,Да,0
35,Женский,27.29,2,Не женат/Не замужем,,Нет,0
60,Женский,,2,Женат/Замужем,Высшее,Нет,0
36,Мужской,16.37,0,Не женат/Не замужем,Ученая степень,Да,1
21,Женский,20.28,1,Женат/Замужем,Среднее,Да,0
37,Мужской,22.91,0,Женат/Замужем,Среднее,Да,1
36,Женский,7.6,2,Разведён/Разведена,Среднее,Нет,0
18,Мужской,27.7,2,Разведён/Разведена,Среднее,Да,0
39,Мужской,13.5,2,Не женат/Не замужем,Среднее,Да,1
37,Женский,12.37,1,Не женат/Не замужем,Высшее,Да,1
48,Женский,9.47,0,Женат/Замужем,Среднее,Да,1
62,Мужской,8.98,0,Женат/Замужем,Высшее,Да,1
53,Женский,11.18,2,Не женат/Не замужем,Неоконченное высшее,Да,1
36,Мужской,15.45,1,Разведён/Разведена,Высшее,Нет,0
26,Женский,58.49,0,Разведён/Разведена,Среднее,Да,1
70,Женский,16.93,0,Женат/Замужем,Среднее,Да,1
40,Женский,24.07,0,Разведён/Разведена,Высшее,Да,1
40,Женский,26.91,0,Женат/Замужем,Среднее,Да,1
39,Мужской,23.52,3,Женат/Замужем,Высшее,Да,0
42,Мужской,21.19,1,Женат/Замужем,Среднее,Да,1
38,Женский,12.12,0,Не женат/Не замужем,Неоконченное высшее,Нет,0
33,Мужской,45.5,2,Разведён/Разведена,Высшее,Да,1
33,Мужской,54.37,1,Женат/Замужем,Высшее,Да,1
39,Мужской,9.5,3,Женат/Замужем,Среднее,Да,0
33,Мужской,,1,Женат/Замужем,Среднее,Нет,0
31,Женский,19.15,1,Не женат/Не замужем,Высшее,Нет,0
41,Мужской,13.6,5,Не женат/Не замужем,Высшее,Нет,0
36,Женский,28.37,1,Женат/Замужем,Среднее,Да,1
58,Мужской,15.3,1,Женат/Замужем,Среднее,Нет,0
18,Мужской,65.03,1,Женат/Замужем,Среднее,Да,1
53,Мужской,39.95,1,Женат/Замужем,Высшее,Да,1
54,Мужской,24.5,0,Женат/Замужем,Среднее,Нет,0
18,Мужской,36.81,1,Женат/Замужем,Высшее,Нет,0
35,Женский,38.29,0,Женат/Замужем,Высшее,Да,1
35,Мужской,16.61,0,Разведён/Разведена,Высшее,Да,1
23,Женский,14.65,1,Женат/Замужем,Неоконченное высшее,Да,0
30,Мужской,22.9,2,Женат/Замужем,Неоконченное высшее,Да,1
26,Мужской,,1,Не женат/Не замужем,Высшее,Да,1
61,Женский,23.61,1,Женат/Замужем,Среднее,Нет,0
51,Мужской,10.01,0,Не женат/Не замужем,Высшее,Нет,0
55,Мужской,14.74,2,Женат/Замужем,Высшее,Нет,0
48,Мужской,21.23,0,Не женат/Не замужем,Высшее,Нет,0
26,Мужской,21.21,3,Женат/Замужем,Высшее,Да,0
33,Женский,59.06,3,Женат/Замужем,Среднее,Нет,0
45,Мужской,11.01,1,Женат/Замужем,Высшее,Да,1
25,Женский,28.36,0,Не женат/Не замужем,Среднее,Да,0
48,Женский,46.38,1,Не женат/Не замужем,Высшее,Да,1
37,Мужской,68.58,1,Женат/Замужем,Среднее,Да,1
35,Женский,17.99,3,Не женат/Не замужем,Высшее,Нет,0
48,Мужской,28.16,1,Женат/Замужем,Среднее,Нет,0
45,Женский,29.29,0,Женат/Замужем,Высшее,Да,1
35,Мужской,24.29,2,Женат/Замужем,Высшее,Нет,0
53,Женский,20.96,0,Женат/Замужем,Среднее,Да,1
27,Мужской,27.39,0,Разведён/Разведена,Высшее,Нет,0
47,Мужской,6.21,1,Не женат/Не замужем,Высшее,Да,1
47,Женский,30.98,1,Не женат/Не замужем,Высшее,Да,1
36,Женский,23.46,1,Не женат/Не замужем,Среднее,Да,1
43,Мужской,19.71,0,Не женат/Не замужем,Высшее,Да,1
24,Мужской,61.29,3,Не женат/Не замужем,Высшее,Да,0
51,Женский,,1,Женат/Замужем,Высшее,Нет,0
37,Женский,18.01,0,Женат/Замужем,Высшее,Да,1
33,Женский,59.62,2,Женат/Замужем,Высшее,Нет,1
52,Женский,14.53,2,Женат/Замужем,Среднее,Нет,0
31,Женский,16.73,1,Женат/Замужем,Среднее,Да,1
23,Женский,20.47,1,Женат/Замужем,,Да,0
21,Мужской,33.54,2,Не женат/Не замужем,Среднее,Нет,0
47,Мужской,24.44,0,Женат/Замужем,Высшее,Да,1
24,Женский,11.54,1,Не женат/Не замужем,Высшее,Нет,0
61,Женский,,2,Не женат/Не замужем,Среднее,Да,1
18,Мужской,16.26,0,Женат/Замужем,,Да,0
60,Мужской,21.19,1,Разведён/Разведена,Высшее,Нет,0
42,Женский,27.25,1,Женат/Замужем,Неоконченное высшее,Да,1
38,Мужской,,1,Не женат/Не замужем,Высшее,Да,1
33,Мужской,9.06,2,Разведён/Разведена,Высшее,Да,1
44,Мужской,37.5,1,Женат/Замужем,Среднее,Нет,0
39,Мужской,24.99,1,Женат/Замужем,Среднее,Нет,0
53,Мужской,44.01,3,Разведён/Разведена,Среднее,Да,1
41,Мужской,27.5,2,Женат/Замужем,Высшее,Да,1
41,Мужской,38.2,1,Не женат/Не замужем,Среднее,Да,1
35,Женский,27.81,0,Женат/Замужем,Высшее,Да,1
39,Мужской,43.18,0,Женат/Замужем,Среднее,Да,1
43,Женский,28.6,0,Женат/Замужем,Высшее,Нет,0
19,Женский,20.97,1,Женат/Замужем,Среднее,Да,0
23,Мужской,68.61,0,Разведён/Разведена,Среднее,Да,1
48,Женский,34.36,0,Разведён/Разведена,Среднее,Нет,0
42,Мужской,29.34,3,Разведён/Разведена,Высшее,Да,0
37,Женский,,1,Разведён/Разведена,Среднее,Да,1
40,Мужской,,0,Разведён/Разведена,Высшее,Да,1
44,Женский,25.5,0,Не женат/Не замужем,Среднее,Да,1
33,Женский,23.69,0,Не женат/Не замужем,Среднее,Нет,0
30,Мужской,16.2,2,Женат/Замужем,Высшее,Да,1
42,Мужской,23.64,2,Разведён/Разведена,Среднее,Да,1
28,Женский,48.74,0,Женат/Замужем,,Да,1
44,Женский,31.19,2,Женат/Замужем,Ученая степень,Нет,0
19,Мужской,12.45,1,Не женат/Не замужем,Среднее,Да,0
52,Женский,20.83,2,Не женат/Не замужем,Среднее,Да,1
45,Мужской,14.73,0,Женат/Замужем,Среднее,Нет,0
43,Женский,18.14,1,Не женат/Не замужем,Высшее,Да,1
51,Мужской,17.91,2,Женат/Замужем,Высшее,Нет,0
59,Женский,17.35,2,Не женат/Не замужем,Высшее,Да,1
52,Мужской,11.76,3,Женат/Замужем,Высшее,Нет,0
18,Мужской,20.66,2,Женат/Замужем,Среднее,Да,0
24,Мужской,16.64,0,Женат/Замужем,Высшее,Да,0
32,Мужской,5.09,1,Женат/Замужем,Высшее,Нет,0
40,Мужской,61.48,2,Не женат/Не замужем,Высшее,Да,1
46,Мужской,37.96,0,Разведён/Разведена,Неоконченное высшее,Да,1
31,Женский,18.25,1,Женат/Замужем,Высшее,Да,1
42,Мужской,22.23,2,Женат/Замужем,Среднее,Да,1
30,Мужской,12.26,2,Женат/Замужем,Высшее,Нет,0
32,Мужской,51.42,2,Не женат/Не замужем,Высшее,Да,1
23,Мужской,56.88,0,Разведён/Разведена,Среднее,Нет,0
28,Мужской,23.82,2,Женат/Замужем,Ученая степень,Да,1
23,Мужской,36.75,1,Женат/Замужем,Среднее,Да,0
28,Мужской,24.04,1,Не женат/Не замужем,Высшее,Да,1
52,Мужской,11.29,1,Разведён/Разведена,Высшее,Нет,0
28,Мужской,17.93,2,Женат/Замужем,Среднее,Нет,0
70,Женский,23.53,1,Не женат/Не замужем,Неоконченное высшее,Да,1
45,Мужской,17.55,0,Женат/Замужем,Неоконченное высшее,Нет,0
42,Мужской,19.75,4,Разведён/Разведена,Высшее,Да,0
29,Женский,21.04,1,Женат/Замужем,Среднее,Да,1
48,Мужской,21.15,0,Женат/Замужем,Среднее,Нет,0
33,Женский,22.61,0,Женат/Замужем,Среднее,Нет,0
41,Мужской,12.96,1,Женат/Замужем,Среднее,Нет,0
70,Женский,15.39,0,Женат/Замужем,Высшее,Да,1
38,Женский,11.59,0,Не женат/Не замужем,Ученая степень,Да,1
53,Мужской,,4,Женат/Замужем,Высшее,Да,0
31,Женский,7.69,1,Вдовец/Вдова,Неоконченное высшее,Да,1
39,Мужской,39.21,0,Женат/Замужем,Высшее,Нет,0
61,Мужской,44.05,2,Женат/Замужем,Высшее,Да,1
32,Женский,18.94,1,Женат/Замужем,Неоконченное высшее,Нет,0
61,Женский,5.99,0,Женат/Замужем,Высшее,Да,1
48,Мужской,18.39,0,Разведён/Разведена,Неоконченное высшее,Да,1
33,Мужской,21.33,0,Женат/Замужем,Среднее,Нет,0
47,Мужской,13.29,0,Не женат/Не замужем,Среднее,Да,1
51,Мужской,17.02,1,Вдовец/Вдова,Неоконченное высшее,Нет,0
47,Женский,47.34,0,Женат/Замужем,,Да,1
21,Мужской,30.71,2,Разведён/Разведена,Неоконченное высшее,Нет,0
31,Мужской,,0,Женат/Замужем,Неоконченное высшее,Да,1
37,Мужской,9.91,1,Разведён/Разведена,Среднее,Да,1
39,Мужской,18.7,4,Не женат/Не замужем,Высшее,Нет,0
47,Мужской,19.8,1,Женат/Замужем,Среднее,Нет,0
42,Женский,28.23,2,Разведён/Разведена,Высшее,Да,1
23,Женский,16.85,1,Не женат/Не замужем,Высшее,Да,0
44,Женский,28.45,2,Не женат/Не замужем,Среднее,Да,1
47,Мужской,57.96,1,Женат/Замужем,Высшее,Да,1
46,Женский,33.12,1,Разведён/Разведена,Высшее,Нет,0
52,Женский,21.5,2,Не женат/Не замужем,Среднее,Нет,0
50,Женский,20.1,1,Разведён/Разведена,Высшее,Да,1
45,Мужской,18.43,2,Женат/Замужем,Высшее,Да,1
39,Мужской,39.75,0,Женат/Замужем,,Нет,0
20,Мужской,16.1,0,Разведён/Разведена,,Да,0
45,Мужской,22.53,2,Женат/Замужем,Среднее,Да,1
42,Мужской,22.6,2,Не женат/Не замужем,Высшее,Да,1
43,Мужской,17.14,0,Не женат/Не замужем,Среднее,Да,1
24,Мужской,11.09,1,Женат/Замужем,Ученая степень,Да,0
27,Женский,25.89,4,Женат/Замужем,Среднее,Нет,0
52,Мужской,21.36,1,Разведён/Разведена,Высшее,Да,1
39,Мужской,28.29,1,Женат/Замужем,Высшее,Да,1
48,Женский,16.87,1,Женат/Замужем,Среднее,Нет,0
40,Женский,40.55,0,Женат/Замужем,Среднее,Да,1
40,Женский,14.21,1,Не женат/Не замужем,Высшее,Да,1
51,Женский,51.85,1,Не женат/Не замужем,Высшее,Да,1
33,Мужской,9.19,1,Разведён/Разведена,Среднее,Да,1
41,Женский,27.37,2,Не женат/Не замужем,Неоконченное высшее,Нет,0
34,Мужской,27.94,1,Не женат/Не замужем,Среднее,Нет,0
34,Мужской,14.8,2,Женат/Замужем,Высшее,Да,1
36,Мужской,27.23,1,Женат/Замужем,Высшее,Нет,0
42,Мужской,41.76,2,Разведён/Разведена,Среднее,Да,1
34,Мужской,7.27,0,Не женат/Не замужем,Неоконченное высшее,Нет,0
55,Женский,28.32,0,Не женат/Не замужем,Среднее,Да,1
29,Женский,6.33,2,Женат/Замужем,,Да,1
37,Женский,13.59,1,Женат/Замужем,Среднее,Да,1
34,Мужской,49.74,1,Женат/Замужем,Высшее,Да,1
57,Женский,16.47,0,Женат/Замужем,Высшее,Да,1
42,Женский,12.25,1,Разведён/Разведена,,Да,1
52,Мужской,,0,Разведён/Разведена,Среднее,Нет,0
22,Женский,61.94,2,Не женат/Не замужем,Среднее,Да,1
43,Мужской,,0,Женат/Замужем,Высшее,Нет,0
50,Мужской,13.02,0,Женат/Замужем,Среднее,Да,1
40,Женский,46.57,0,Разведён/Разведена,Неоконченное высшее,Нет,1
52,Мужской,55.76,2,Вдовец/Вдова,Среднее,Нет,1
33,Мужской,20.92,2,Не женат/Не замужем,Высшее,Нет,0
56,Женский,11.85,3,Женат/Замужем,Среднее,Нет,0
67,Женский,62.81,3,Женат/Замужем,Высшее,Нет,0
35,Мужской,48.88,2,Не женат/Не замужем,Среднее,Да,1
34,Мужской,30.93,1,Не женат/Не замужем,Среднее,Да,1
57,Мужской,14.67,0,Женат/Замужем,Среднее,Да,1
58,Женский,21.49,2,Женат/Замужем,Среднее,Да,1
33,Мужской,,2,Не женат/Не замужем,Среднее,Да,1
34,Мужской,25.99,3,Женат/Замужем,Высшее,Нет,0
36,Женский,45.5,1,Не женат/Не замужем,Высшее,Да,1
23,Мужской,34.19,1,Женат/Замужем,Высшее,Да,0
28,Мужской,12.85,1,Женат/Замужем,,Да,1
27,Мужской,43.84,3,Не женат/Не замужем,Высшее,Нет,0
30,Женский,25.76,1,Женат/Замужем,Высшее,Да,1
39,Мужской,31.06,1,Не женат/Не замужем,,Да,1
42,Мужской,45.86,2,Женат/Замужем,Высшее,Да,1
58,Женский,12.63,2,Не женат/Не замужем,Высшее,Нет,0
28,Мужской,21.64,1,Женат/Замужем,Среднее,Нет,0
51,Мужской,16.89,1,Не женат/Не замужем,Среднее,Нет,0
37,Мужской,10.06,3,Женат/Замужем,Высшее,Нет,0
39,Мужской,26.2,2,Женат/Замужем,Среднее,Да,1
48,Мужской,77.33,0,Не женат/Не замужем,Неоконченное высшее,Нет,1
26,Мужской,8.78,2,Женат/Замужем,Неоконченное высшее,Да,1
44,Мужской,21.67,1,Не женат/Не замужем,Среднее,Да,1
41,Мужской,30.34,3,Женат/Замужем,Среднее,Да,0
45,Женский,23.42,1,Не женат/Не замужем,Высшее,Да,1
43,Женский,20.82,2,Женат/Замужем,Высшее,Нет,0
69,Женский,11.5,0,Женат/Замужем,Среднее,Да,1
32,Женский,24.75,2,Разведён/Разведена,Высшее,Нет,0
33,Мужской,15.09,2,Женат/Замужем,Высшее,Да,1
32,Женский,7.37,1,Женат/Замужем,Среднее,Да,1
33,Мужской,40.03,0,Женат/Замужем,Среднее,Да,1
32,Женский,35.57,2,Разведён/Разведена,Высшее,Нет,0
54,Женский,22.6,3,Женат/Замужем,Среднее,Нет,0
57,Женский,24.7,0,Не женат/Не замужем,Высшее,Да,1
33,Женский,37.69,1,Разведён/Разведена,Высшее,Да,1
30,Женский,,1,Женат/Замужем,Высшее,Да,1
45,Мужской,34.61,0,Разведён/Разведена,Неоконченное высшее,Да,1
33,Мужской,18.98,1,Разведён/Разведена,Неоконченное высшее,Нет,0
47,Женский,42.45,2,Не женат/Не замужем,Среднее,Да,1
42,Мужской,25.86,0,Женат/Замужем,Среднее,Нет,0
21,Женский,,1,Не женат/Не замужем,Высшее,Да,0
58,Женский,11.67,2,Не женат/Не замужем,Высшее,Да,1
61,Мужской,,3,Не женат/Не замужем,Среднее,Нет,0
32,Женский,14.53,0,Женат/Замужем,Неоконченное высшее,Да,1
35,Женский,16.01,1,Не женат/Не замужем,Среднее,Да,1
43,Женский,14.65,2,Не женат/Не замужем,Среднее,Да,1
44,Женский,12.92,2,Женат/Замужем,Среднее,Да,1
47,Мужской,63.73,1,Не женат/Не замужем,Высшее,Нет,1
64,Женский,42.86,1,Не женат/Не замужем,Высшее,Да,1
37,Женский,57.54,1,Не женат/Не замужем,Среднее,Нет,1
30,Мужской,11.95,2,Женат/Замужем,Среднее,Да,1
23,Мужской,22.83,2,Женат/Замужем,Среднее,Да,0
31,Женский,11.54,1,Не женат/Не замужем,Высшее,Да,1
39,Мужской,15.56,0,Вдовец/Вдова,Среднее,Да,1
61,Женский,13.92,2,Женат/Замужем,Неоконченное высшее,Нет,0
33,Женский,40.94,3,Женат/Замужем,Среднее,Нет,0
42,Мужской,18.07,1,Женат/Замужем,Ученая степень,Да,1
39,Женский,37.58,1,Женат/Замужем,Среднее,Нет,0
54,Женский,29.79,0,Женат/Замужем,Высшее,Нет,0
70,Мужской,69.69,2,Не женат/Не замужем,Среднее,Да,1
33,Мужской,10.51,0,Не женат/Не замужем,Среднее,Нет,0
34,Мужской,41.34,1,Разведён/Разведена,Неоконченное высшее,Да,1
52,Мужской,39.07,1,Не женат/Не замужем,Неоконченное высшее,Да,1
48,Женский,13.54,0,Женат/Замужем,Высшее,Да,1
62,Мужской,36.45,1,Разведён/Разведена,Высшее,Да,1
47,Женский,26.06,1,Женат/Замужем,Высшее,Да,1
35,Мужской,19.66,2,Женат/Замужем,Неоконченное высшее,Да,1
47,Мужской,14.59,2,Женат/Замужем,Среднее,Да,1
53,Женский,15.37,0,Не женат/Не замужем,Высшее,Нет,0
49,Женский,61.38,2,Женат/Замужем,Высшее,Нет,1
46,Мужской,22.03,0,Женат/Замужем,,Нет,0
52,Мужской,32.57,0,Разведён/Разведена,,Да,1
54,Мужской,14.83,1,Вдовец/Вдова,Среднее,Да,1
56,Мужской,14.91,1,Разведён/Разведена,Среднее,Да,1
47,Женский,37.84,0,Разведён/Разведена,Высшее,Да,1
37,Мужской,11.22,3,Женат/Замужем,Высшее,Да,0
41,Мужской,17.9,0,Женат/Замужем,Среднее,Да,1
54,Мужской,22.4,1,Женат/Замужем,Среднее,Нет,0
30,Женский,23.29,1,Женат/Замужем,Неоконченное высшее,Нет,0
44,Женский,20.14,1,Разведён/Разведена,Среднее,Да,1
35,Мужской,26.85,1,Не женат/Не замужем,Высшее,Да,1
40,Женский,31.15,1,Разведён/Разведена,Высшее,Нет,0
55,Мужской,31.8,1,Разведён/Разведена,Высшее,Да,1
42,Мужской,13.45,2,Вдовец/Вдова,Неоконченное высшее,Да,1
40,Женский,19.11,1,Разведён/Разведена,Высшее,Да,1
23,Женский,40.03,2,Не женат/Не замужем,,Да,1
48,Женский,34.45,1,Не женат/Не замужем,,Да,1
47,Женский,11.09,1,Не женат/Не замужем,Высшее,Нет,0
65,Мужской,26.26,1,Не женат/Не замужем,Высшее,Нет,0
36,Женский,8.19,1,Женат/Замужем,Неоконченное высшее,Да,1
42,Мужской,22.55,1,Разведён/Разведена,Среднее,Да,1
42,Женский,56.89,1,Разведён/Разведена,Среднее,Нет,1
58,Мужской,13.71,0,Женат/Замужем,Среднее,Да,1
38,Женский,14.51,0,Не женат/Не замужем,Среднее,Да,1
43,Мужской,32.27,1,Не женат/Не замужем,Среднее,Да,1
47,Мужской,10.18,1,Не женат/Не замужем,Неоконченное высшее,Да,1
42,Женский,16.05,3,Женат/Замужем,Высшее,Нет,0
34,Мужской,29.68,0,Женат/Замужем,Высшее,Нет,0
42,Мужской,16.04,0,Не женат/Не замужем,Высшее,Да,1
52,Мужской,19.58,0,Женат/Замужем,Высшее,Да,1
27,Мужской,31.96,3,Не женат/Не замужем,Высшее,Да,0
41,Мужской,27.19,2,Женат/Замужем,Неоконченное высшее,Да,1
31,Мужской,25.17,0,Женат/Замужем,Среднее,Нет,0
54,Женский,18.59,1,Женат/Замужем,Неоконченное высшее,Нет,0
21,Мужской,26.5,2,Женат/Замужем,Высшее,Да,0
33,Женский,20.71,0,Вдовец/Вдова,Среднее,Нет,0
44,Женский,27.69,1,Не женат/Не замужем,,Нет,0
58,Мужской,17.18,0,Женат/Замужем,Высшее,Нет,0
39,Женский,20.1,3,Женат/Замужем,Среднее,Да,0
33,Мужской,13.43,2,Женат/Замужем,Высшее,Да,1
62,Женский,21.64,2,Разведён/Разведена,Среднее,Нет,0
22,Мужской,14.68,1,Женат/Замужем,Среднее,Да,0
18,Мужской,12.62,1,Женат/Замужем,Неоконченное высшее,Нет,0
45,Женский,25.07,3,Не женат/Не замужем,,Нет,0
33,Женский,24.5,1,Женат/Замужем,Неоконченное высшее,Нет,0
27,Женский,32.58,0,Не женат/Не замужем,,Да,1
48,Мужской,17.76,1,Не женат/Не замужем,Среднее,Нет,0
42,Женский,27.01,1,Женат/Замужем,Высшее,Да,1
33,Мужской,29.01,1,Женат/Замужем,Высшее,Нет,0
24,Мужской,27.51,3,Не женат/Не замужем,Ученая степень,Да,0
50,Мужской,14.58,0,Женат/Замужем,Среднее,Да,1
47,Женский,23.73,1,Женат/Замужем,Неоконченное высшее,Нет,0
38,Мужской,,1,Не женат/Не замужем,Неоконченное высшее,Да,1
62,Мужской,22.11,0,Женат/Замужем,Высшее,Да,1
27,Женский,7.76,2,Женат/Замужем,Неоконченное высшее,Нет,0
21,Мужской,23.87,0,Женат/Замужем,Среднее,Да,0
31,Мужской,66.59,0,Женат/Замужем,Ученая степень,Да,1
39,Мужской,18.4,2,Женат/Замужем,Высшее,Да,1
42,Женский,15.31,0,Женат/Замужем,Среднее,Нет,0
37,Мужской,26.55,2,Разведён/Разведена,Неоконченное высшее,Да,1
44,Мужской,25.75,1,Женат/Замужем,Высшее,Да,1
24,Женский,39.99,2,Не женат/Не замужем,Высшее,Да,0
57,Женский,11.74,1,Женат/Замужем,Высшее,Да,1
39,Мужской,31.75,1,Разведён/Разведена,Среднее,Да,1
53,Женский,29.59,2,Не женат/Не замужем,Высшее,Да,1
44,Женский,20.52,1,Вдовец/Вдова,Высшее,Да,1
45,Женский,26.09,0,Разведён/Разведена,Среднее,Да,1
46,Мужской,36.85,1,Не женат/Не замужем,Среднее,Да,1
45,Женский,34.07,1,Разведён/Разведена,Среднее,Нет,0
47,Мужской,12.44,1,Женат/Замужем,Высшее,Да,1
55,Мужской,33.19,1,Разведён/Разведена,Высшее,Да,1
42,Мужской,21.33,1,Женат/Замужем,,Да,1
48,Мужской,22.84,1,Женат/Замужем,Неоконченное высшее,Да,1
38,Мужской,22.85,1,Женат/Замужем,,Нет,0
57,Женский,20.43,0,Женат/Замужем,Среднее,Нет,0
31,Мужской,39.97,0,Не женат/Не замужем,,Да,1
61,Мужской,21.12,1,Женат/Замужем,Высшее,Да,1
39,Мужской,12.58,0,Не женат/Не замужем,Высшее,Да,1
22,Мужской,18.09,0,Женат/Замужем,Высшее,Да,0
41,Женский,24.09,0,Женат/Замужем,Неоконченное высшее,Нет,0
31,Мужской,40.73,1,Женат/Замужем,Высшее,Да,1
50,Мужской,29.78,0,Женат/Замужем,Среднее,Да,1
32,Мужской,14.4,1,Не женат/Не замужем,Высшее,Да,1
34,Мужской,76.31,2,Не женат/Не замужем,Среднее,Да,1
18,Мужской,25.14,1,Не женат/Не замужем,Среднее,Нет,0
34,Женский,41.68,1,Женат/Замужем,Высшее,Да,1
18,Женский,20.42,0,Вдовец/Вдова,Среднее,Нет,0
20,Мужской,28.76,4,Не женат/Не замужем,Среднее,Да,0
49,Женский,33.51,0,Разведён/Разведена,Среднее,Да,1
49,Женский,40.5,0,Женат/Замужем,Высшее,Да,1
45,Женский,37.37,1,Женат/Замужем,Высшее,Нет,0
28,Мужской,34.07,2,Женат/Замужем,Ученая степень,Да,1
39,Мужской,18.82,2,Разведён/Разведена,Среднее,Да,1
39,Мужской,16.55,1,Не женат/Не замужем,Высшее,Нет,0
26,Женский,26.01,1,Женат/Замужем,Неоконченное высшее,Да,1
58,Женский,35.12,2,Женат/Замужем,Среднее,Нет,0
50,Мужской,19.71,2,Женат/Замужем,Высшее,Да,1
37,Мужской,37.52,2,Разведён/Разведена,Высшее,Нет,0
40,Женский,45.54,0,Не женат/Не замужем,Среднее,Да,1
42,Женский,13.93,1,Женат/Замужем,Неоконченное высшее,Нет,0
18,Женский,14.49,1,Женат/Замужем,Высшее,Нет,0
37,Женский,20.53,2,Женат/Замужем,Среднее,Да,1
31,Мужской,25.69,1,Женат/Замужем,Среднее,Нет,0
27,Женский,,1,Женат/Замужем,Среднее,Нет,0
36,Женский,43.31,2,Разведён/Разведена,Среднее,Да,1
61,Мужской,27.23,0,Женат/Замужем,Высшее,Да,1
47,Мужской,22.47,1,Разведён/Разведена,Высшее,Да,1
33,Женский,10.74,3,Женат/Замужем,Среднее,Нет,0
46,Мужской,11.41,0,Не женат/Не замужем,Неоконченное высшее,Нет,0
56,Женский,25.35,2,Не женат/Не замужем,Среднее,Да,1
51,Женский,7.58,1,Не женат/Не замужем,Среднее,Да,1
40,Женский,36.55,3,Женат/Замужем,Среднее,Да,0
32,Мужской,20.35,0,Женат/Замужем,Высшее,Да,1
48,Мужской,111.47,2,Женат/Замужем,Высшее,Да,1
44,Женский,69.84,0,Женат/Замужем,Среднее,Да,1
50,Мужской,20.12,1,Не женат/Не замужем,Среднее,Да,1
47,Женский,20.89,1,Не женат/Не замужем,,Да,1
52,Женский,36.24,2,Не женат/Не замужем,Ученая степень,Нет,0
33,Мужской,51.62,2,Женат/Замужем,Среднее,Нет,1
55,Мужской,9.71,1,Не женат/Не замужем,Среднее,Нет,0
42,Мужской,9.02,0,Не женат/Не замужем,Высшее,Нет,0
64,Мужской,16.14,0,Разведён/Разведена,Высшее,Да,1
31,Женский,29.48,0,Разведён/Разведена,Среднее,Да,1
60,Женский,28.24,2,Не женат/Не замужем,Неоконченное высшее,Да,1
42,Женский,37.6,1,Женат/Замужем,Высшее,Нет,0
32,Женский,12.09,1,Женат/Замужем,Высшее,Нет,0
34,Мужской,6.92,0,Женат/Замужем,Высшее,Нет,0
36,Женский,33.83,0,Женат/Замужем,Ученая степень,Нет,0
45,Женский,14.56,2,Не женат/Не замужем,Высшее,Да,1
46,Женский,8.03,0,Женат/Замужем,Среднее,Да,1
33,Женский,23.68,1,Женат/Замужем,Среднее,Да,1
39,Мужской,32.75,3,Не женат/Не замужем,Высшее,Да,0
65,Женский,20.72,2,Женат/Замужем,,Да,1
60,Мужской,17.52,1,Женат/Замужем,Высшее,Нет,0
45,Мужской,20.34,1,Женат/Замужем,Высшее,Да,1
40,Мужской,18.3,3,Не женат/Не замужем,Высшее,Да,0
41,Женский,11.23,3,Женат/Замужем,Ученая степень,Да,0
47,Женский,15.41,0,Не женат/Не замужем,Среднее,Да,1
27,Женский,28.59,1,Женат/Замужем,Неоконченное высшее,Да,1
36,Женский,25.87,1,Не женат/Не замужем,Высшее,Да,1
19,Женский,23.96,0,Не женат/Не замужем,Среднее,Да,0
44,Женский,13.39,1,Женат/Замужем,Высшее,Нет,0
47,Мужской,20.12,0,Женат/Замужем,Среднее,Да,1
34,Мужской,7.42,3,Разведён/Разведена,Высшее,Да,0
58,Мужской,24.08,1,Женат/Замужем,Высшее,Нет,0
25,Женский,45.0,0,Не женат/Не замужем,Среднее,Нет,0
22,Женский,10.54,0,Женат/Замужем,Высшее,Нет,0
42,Мужской,16.43,2,Женат/Замужем,Высшее,Да,1
52,Мужской,25.97,2,Не женат/Не замужем,Среднее,Да,1
60,Женский,41.21,0,Разведён/Разведена,Среднее,Да,1
34,Мужской,17.6,3,Не женат/Не замужем,Высшее,Да,0
52,Женский,15.58,1,Вдовец/Вдова,Высшее,Нет,0
39,Женский,8.23,0,Разведён/Разведена,Неоконченное высшее,Да,1
37,Мужской,23.2,1,Женат/Замужем,Неоконченное высшее,Да,1
50,Мужской,,1,Разведён/Разведена,Высшее,Да,1
47,Женский,25.3,2,Женат/Замужем,Высшее,Да,1
21,Женский,21.78,1,Не женат/Не замужем,Высшее,Да,0
57,Мужской,25.88,1,Женат/Замужем,Высшее,Нет,0
56,Женский,21.9,0,Не женат/Не замужем,Среднее,Нет,0
32,Мужской,14.67,1,Женат/Замужем,Среднее,Нет,0
44,Мужской,33.24,2,Женат/Замужем,Высшее,Да,1
45,Женский,24.66,1,Женат/Замужем,Среднее,Да,1
43,Женский,22.22,3,Женат/Замужем,Высшее,Да,0
33,Мужской,13.53,1,Женат/Замужем,Высшее,Да,1
31,Женский,42.27,2,Разведён/Разведена,Среднее,Нет,1
39,Женский,30.71,3,Не женат/Не замужем,Высшее,Да,0
54,Мужской,16.71,1,Женат/Замужем,Неоконченное высшее,Нет,0
46,Мужской,36.35,2,Не женат/Не замужем,Высшее,Да,1
35,Женский,17.18,0,Женат/Замужем,Среднее,Да,1
49,Мужской,14.9,1,Не женат/Не замужем,Среднее,Да,1
18,Мужской,15.07,0,Женат/Замужем,Высшее,Да,0
53,Мужской,9.09,0,Не женат/Не замужем,Высшее,Нет,0
19,Женский,27.88,1,Не женат/Не замужем,Среднее,Да,0
35,Женский,8.82,1,Разведён/Разведена,Среднее,Нет,0
26,Женский,11.92,0,Не женат/Не замужем,Неоконченное высшее,Нет,0
24,Мужской,7.8,2,Женат/Замужем,Высшее,Да,0
53,Женский,21.1,1,Не женат/Не замужем,Ученая степень,Нет,0
34,Женский,20.43,0,Женат/Замужем,Высшее,Да,1
44,Женский,18.71,0,Женат/Замужем,Неоконченное высшее,Нет,0
39,Женский,13.08,0,Женат/Замужем,Среднее,Нет,0
45,Мужской,12.26,4,Не женат/Не замужем,Высшее,Нет,0
40,Женский,27.78,2,Женат/Замужем,Среднее,Да,1
24,Мужской,16.73,2,Женат/Замужем,Высшее,Да,0
51,Мужской,25.8,1,Женат/Замужем,Высшее,Да,1
34,Мужской,14.15,3,Женат/Замужем,Среднее,Да,0
21,Мужской,24.11,3,Женат/Замужем,Неоконченное высшее,Нет,0
34,Мужской,42.26,1,Не женат/Не замужем,Неоконченное высшее,Нет,1
58,Женский,29.53,2,Не женат/Не замужем,Среднее,Да,1
50,Мужской,17.92,0,Не женат/Не замужем,Высшее,Да,1
35,Женский,25.05,3,Не женат/Не замужем,Среднее,Да,0
35,Мужской,19.53,0,Не женат/Не замужем,Высшее,Да,1
36,Мужской,,2,Женат/Замужем,Высшее,Да,1
64,Женский,18.72,1,Женат/Замужем,Среднее,Да,1
44,Мужской,20.29,0,Разведён/Разведена,Неоконченное высшее,Нет,0
45,Мужской,24.49,1,Не женат/Не замужем,Среднее,Да,1
52,Женский,13.4,3,Женат/Замужем,Высшее,Да,0
42,Мужской,13.25,1,Разведён/Разведена,Высшее,Нет,0
36,Мужской,11.0,0,Женат/Замужем,Среднее,Да,1
37,Мужской,9.9,3,Не женат/Не замужем,Среднее,Да,0
39,Женский,11.98,0,Не женат/Не замужем,Высшее,Нет,0
39,Женский,23.85,0,Не женат/Не замужем,Высшее,Нет,0
48,Женский,14.1,2,Женат/Замужем,Среднее,Да,1
40,Женский,28.48,1,Женат/Замужем,Высшее,Да,1
48,Мужской,22.41,1,Не женат/Не замужем,Среднее,Нет,0
39,Мужской,8.23,1,Не женат/Не замужем,Среднее,Нет,0
40,Женский,30.56,1,Женат/Замужем,Высшее,Да,1
18,Мужской,33.04,3,Женат/Замужем,Среднее,Да,0
50,Мужской,13.4,1,Женат/Замужем,Высшее,Да,1
44,Мужской,27.18,2,Женат/Замужем,Высшее,Да,1
51,Мужской,14.35,0,Женат/Замужем,Неоконченное высшее,Да,1
18,Женский,23.13,2,Не женат/Не замужем,Высшее,Да,0
65,Мужской,11.7,1,Женат/Замужем,,Да,1
38,Мужской,8.99,0,Женат/Замужем,Высшее,Нет,0
53,Мужской,18.19,1,Разведён/Разведена,Высшее,Да,1
27,Женский,20.71,2,Не женат/Не замужем,Ученая степень,Нет,0
47,Мужской,18.05,1,Женат/Замужем,Высшее,Нет,0
27,Мужской,12.19,1,Женат/Замужем,Среднее,Да,1
32,Женский,18.03,1,Женат/Замужем,Высшее,Нет,0
62,Женский,,1,Не женат/Не замужем,Неоконченное высшее,Нет,0
37,Мужской,21.54,0,Женат/Замужем,Высшее,Да,1
42,Мужской,24.13,1,Разведён/Разведена,Высшее,Да,1
50,Мужской,15.76,1,Женат/Замужем,,Да,1
45,Мужской,39.57,1,Женат/Замужем,Ученая степень,Нет,0
41,Мужской,,1,Не женат/Не замужем,Среднее,Да,1
44,Мужской,28.11,1,Не женат/Не замужем,Высшее,Да,1
68,Мужской,39.77,2,Женат/Замужем,Среднее,Нет,0
39,Мужской,28.01,1,Разведён/Разведена,Высшее,Да,1
42,Женский,19.91,1,Вдовец/Вдова,Высшее,Да,1
52,Женский,16.91,2,Женат/Замужем,Среднее,Нет,0
53,Женский,36.98,1,Женат/Замужем,Среднее,Да,1
54,Мужской,10.81,2,Разведён/Разведена,Высшее,Нет,0
47,Мужской,13.56,0,Женат/Замужем,Среднее,Нет,0
26,Женский,18.06,1,Женат/Замужем,Среднее,Да,1
59,Мужской,40.9,0,Не женат/Не замужем,Высшее,Да,1
26,Мужской,26.63,1,Женат/Замужем,Среднее,Нет,0
43,Женский,13.57,2,Женат/Замужем,Высшее,Нет,0
30,Женский,18.86,0,Разведён/Разведена,Неоконченное высшее,Да,1
39,Женский,16.2,1,Женат/Замужем,Среднее,Да,1
43,Мужской,15.45,2,Не женат/Не замужем,Среднее,Да,1
43,Мужской,35.93,1,Женат/Замужем,Высшее,Нет,0
45,Женский,11.09,2,Разведён/Разведена,,Нет,0
59,Мужской,49.24,1,Женат/Замужем,Неоконченное высшее,Да,1
45,Женский,33.33,1,Не женат/Не замужем,Неоконченное высшее,Нет,0
37,Женский,,1,Не женат/Не замужем,Высшее,Да,1
51,Женский,17.48,0,Женат/Замужем,Среднее,Нет,0
54,Мужской,,0,Женат/Замужем,Среднее,Да,1
25,Мужской,10.76,0,Женат/Замужем,Среднее,Да,0
47,Женский,16.94,0,Не женат/Не замужем,Среднее,Да,1
48,Женский,28.19,2,Разведён/Разведена,Высшее,Да,1
36,Женский,42.11,0,Не женат/Не замужем,Высшее,Нет,1
56,Мужской,12.66,2,Не женат/Не замужем,,Да,1
38,Мужской,18.35,0,Женат/Замужем,Высшее,Да,1
41,Женский,20.42,0,Женат/Замужем,Среднее,Да,1
37,Женский,,0,Не женат/Не замужем,Высшее,Да,1
40,Женский,29.6,0,Не женат/Не замужем,Высшее,Нет,0
26,Мужской,15.34,1,Не женат/Не замужем,Высшее,Нет,0
22,Женский,19.98,1,Женат/Замужем,Высшее,Да,0
59,Женский,17.57,3,Женат/Замужем,Среднее,Да,0
29,Женский,14.84,1,Женат/Замужем,Высшее,Да,1
28,Мужской,21.95,2,Женат/Замужем,Высшее,Нет,0
18,Мужской,19.78,2,Женат/Замужем,Неоконченное высшее,Нет,0
32,Женский,18.29,0,Не женат/Не замужем,Высшее,Нет,0
24,Мужской,15.3,0,Вдовец/Вдова,Высшее,Нет,0
59,Мужской,25.84,1,Разведён/Разведена,Высшее,Нет,0
52,Женский,50.35,1,Не женат/Не замужем,Неоконченное высшее,Нет,1
31,Мужской,23.62,1,Не женат/Не замужем,Среднее,Да,1
67,Женский,36.25,1,Не женат/Не замужем,Высшее,Да,1
51,Мужской,10.99,2,Не женат/Не замужем,Высшее,Да,1
36,Женский,23.83,0,Женат/Замужем,Высшее,Да,1
18,Женский,12.72,2,Женат/Замужем,Среднее,Да,0
67,Мужской,10.53,2,Женат/Замужем,Высшее,Да,1
23,Мужской,15.22,0,Женат/Замужем,,Да,0
20,Мужской,39.97,1,Женат/Замужем,Высшее,Да,0
52,Мужской,35.42,1,Женат/Замужем,Высшее,Да,1
69,Женский,24.87,1,Не женат/Не замужем,Неоконченное высшее,Да,1
56,Женский,10.24,1,Женат/Замужем,Высшее,Нет,0
46,Мужской,19.97,0,Женат/Замужем,Среднее,Нет,0
47,Мужской,25.61,0,Не женат/Не замужем,Среднее,Нет,0
50,Мужской,24.05,0,Не женат/Не замужем,Неоконченное высшее,Да,1
49,Женский,8.76,0,Разведён/Разведена,Среднее,Да,1
43,Мужской,14.11,0,Женат/Замужем,,Да,1
41,Женский,21.33,1,Не женат/Не замужем,Среднее,Нет,0
39,Женский,28.8,1,Женат/Замужем,Высшее,Да,1
30,Женский,7.35,1,Женат/Замужем,Высшее,Да,1
36,Мужской,20.31,0,Женат/Замужем,Среднее,Нет,0
19,Женский,23.66,1,Не женат/Не замужем,Среднее,Да,0
38,Мужской,33.68,3,Разведён/Разведена,Неоконченное высшее,Да,0
28,Мужской,31.15,1,Женат/Замужем,Высшее,Да,1
26,Женский,29.47,1,Не женат/Не замужем,Высшее,Да,1
42,Женский,14.77,0,Женат/Замужем,Неоконченное высшее,Да,1
56,Мужской,8.48,1,Женат/Замужем,Неоконченное высшее,Да,1
51,Мужской,18.1,1,Не женат/Не замужем,Среднее,Нет,0
21,Мужской,36.35,1,Не женат/Не замужем,Ученая степень,Нет,0
28,Мужской,44.21,1,Не женат/Не замужем,Среднее,Да,1
51,Мужской,31.42,1,Вдовец/Вдова,Среднее,Нет,0
28,Мужской,27.3,2,Не женат/Не замужем,Неоконченное высшее,Да,1
37,Мужской,26.63,2,Женат/Замужем,Среднее,Да,1
46,Женский,16.68,1,Разведён/Разведена,Среднее,Да,1
28,Женский,20.64,2,Не женат/Не замужем,Среднее,Да,1
41,Женский,50.74,0,Вдовец/Вдова,Высшее,Да,1
23,Мужской,13.75,1,Разведён/Разведена,Высшее,Да,0
32,Женский,49.38,1,Разведён/Разведена,Высшее,Нет,1
43,Женский,18.75,2,Не женат/Не замужем,Неоконченное высшее,Да,1
20,Женский,42.73,2,Женат/Замужем,Высшее,Да,1
45,Женский,10.9,0,Женат/Замужем,Среднее,Нет,0
39,Женский,29.52,0,Вдовец/Вдова,Неоконченное высшее,Да,1
46,Мужской,,0,Не женат/Не замужем,Среднее,Да,1
42,Мужской,10.85,1,Женат/Замужем,Среднее,Нет,0
56,Женский,24.57,0,Женат/Замужем,Среднее,Да,1
41,Женский,36.49,1,Не женат/Не замужем,Высшее,Да,1
34,Женский,14.44,1,Женат/Замужем,Среднее,Да,1
41,Мужской,10.41,0,Женат/Замужем,Среднее,Да,1
46,Мужской,21.04,1,Женат/Замужем,Среднее,Да,1
40,Мужской,21.08,3,Женат/Замужем,Среднее,Да,0
40,Женский,28.97,3,Вдовец/Вдова,Высшее,Нет,0
31,Женский,35.41,0,Женат/Замужем,Высшее,Нет,0
32,Мужской,21.38,0,Женат/Замужем,Высшее,Да,1
23,Мужской,55.7,1,Женат/Замужем,Среднее,Нет,0
60,Мужской,24.64,1,Женат/Замужем,Среднее,Нет,0
25,Женский,18.52,1,Женат/Замужем,Ученая степень,Да,0
31,Женский,9.84,1,Разведён/Разведена,Среднее,Да,1
31,Женский,19.32,1,Женат/Замужем,Неоконченное высшее,Да,1
50,Мужской,18.62,3,Женат/Замужем,Среднее,Нет,0
36,Женский,35.6,1,Не женат/Не замужем,Неоконченное высшее,Да,1
54,Мужской,27.76,1,Не женат/Не замужем,,Нет,0
31,Женский,12.21,3,Женат/Замужем,Высшее,Да,0
43,Мужской,24.01,0,Не женат/Не замужем,Высшее,Да,1
29,Мужской,30.82,0,Не женат/Не замужем,Высшее,Да,1
65,Женский,47.29,1,Женат/Замужем,Среднее,Да,1
25,Женский,34.33,0,Не женат/Не замужем,Высшее,Нет,0
43,Мужской,32.22,1,Не женат/Не замужем,Высшее,Нет,0
47,Женский,22.7,0,Женат/Замужем,,Да,1
44,Мужской,26.75,0,Женат/Замужем,Среднее,Нет,0
37,Мужской,41.14,0,Разведён/Разведена,Высшее,Нет,1
38,Мужской,11.31,3,Женат/Замужем,,Да,0
40,Мужской,18.5,0,Женат/Замужем,Высшее,Нет,0
38,Мужской,14.97,2,Разведён/Разведена,Среднее,Да,1
51,Мужской,26.62,4,Женат/Замужем,Высшее,Да,0
66,Мужской,40.75,0,Не женат/Не замужем,Среднее,Да,1
33,Женский,16.34,1,Не женат/Не замужем,Высшее,Нет,0
23,Мужской,6.67,2,Женат/Замужем,Среднее,Да,0
38,Женский,,2,Женат/Замужем,Среднее,Нет,0
70,Мужской,34.78,1,Женат/Замужем,Среднее,Нет,0
30,Женский,,0,Женат/Замужем,Ученая степень,Да,1
59,Мужской,27.29,1,Женат/Замужем,Среднее,Да,1
60,Мужской,19.15,0,Вдовец/Вдова,Высшее,Да,1
33,Мужской,11.62,0,Женат/Замужем,Среднее,Да,1
46,Мужской,28.5,2,Не женат/Не замужем,Среднее,Да,1
59,Мужской,14.51,2,Разведён/Разведена,Высшее,Да,1
35,Женский,65.65,2,Не женат/Не замужем,Высшее,Да,1
37,Женский,29.3,1,Женат/Замужем,Ученая степень,Да,1
33,Женский,16.48,1,Вдовец/Вдова,Неоконченное высшее,Да,1
27,Женский,16.22,2,Женат/Замужем,Высшее,Да,1
32,Мужской,21.03,0,Женат/Замужем,Высшее,Нет,0
25,Мужской,19.54,2,Женат/Замужем,Высшее,Нет,0
40,Мужской,38.5,1,Женат/Замужем,Среднее,Да,1
30,Мужской,24.18,3,Женат/Замужем,Неоконченное высшее,Да,0
42,Мужской,15.28,1,Женат/Замужем,Высшее,Да,1
21,Мужской,56.68,2,Женат/Замужем,Высшее,Да,1
43,Мужской,,2,Женат/Замужем,Среднее,Да,1
50,Мужской,32.35,1,Не женат/Не замужем,Среднее,Да,1
18,Женский,16.25,0,Женат/Замужем,Неоконченное высшее,Нет,0
44,Женский,26.41,1,Женат/Замужем,Среднее,Да,1
54,Мужской,25.73,0,Женат/Замужем,Высшее,Нет,0
25,Женский,8.56,1,Женат/Замужем,Среднее,Да,0
60,Женский,60.33,2,Женат/Замужем,Высшее,Да,1
45,Мужской,42.0,0,Женат/Замужем,Среднее,Да,1
31,Мужской,18.06,2,Женат/Замужем,Высшее,Да,1
39,Мужской,12.69,1,Разведён/Разведена,Среднее,Да,1
46,Женский,26.21,1,Не женат/Не замужем,Неоконченное высшее,Да,1
40,Женский,23.0,0,Вдовец/Вдова,Высшее,Да,1
46,Мужской,26.31,0,Не женат/Не замужем,Среднее,Да,1
28,Мужской,24.24,3,Не женат/Не замужем,Высшее,Нет,0
42,Женский,28.37,1,Разведён/Разведена,Среднее,Нет,0
23,Мужской,45.42,1,Не женат/Не замужем,Среднее,Да,1
38,Мужской,29.26,1,Женат/Замужем,Неоконченное высшее,Да,1
29,Женский,13.03,1,Разведён/Разведена,Высшее,Да,1
31,Женский,43.53,1,Разведён/Разведена,Среднее,Нет,1
54,Женский,50.03,1,Вдовец/Вдова,Среднее,Да,1
53,Женский,106.51,1,Не женат/Не замужем,Среднее,Да,1
47,Женский,12.56,1,Женат/Замужем,Неоконченное высшее,Да,1
26,Мужской,24.87,3,Не женат/Не замужем,Среднее,Да,0
36,Женский,7.78,2,Женат/Замужем,Ученая степень,Да,1
54,Мужской,29.04,1,Разведён/Разведена,Неоконченное высшее,Нет,0
41,Женский,16.75,0,Женат/Замужем,Среднее,Нет,0
67,Мужской,57.63,0,Женат/Замужем,Среднее,Да,1
44,Женский,14.95,0,Женат/Замужем,Неоконченное высшее,Да,1
42,Мужской,9.47,4,Женат/Замужем,Среднее,Да,0
36,Мужской,17.4,3,Вдовец/Вдова,Среднее,Да,0
41,Мужской,8.2,3,Не женат/Не замужем,Среднее,Нет,0
38,Мужской,32.07,0,Женат/Замужем,Высшее,Да,1
48,Женский,7.84,1,Разведён/Разведена,Высшее,Да,1
51,Женский,22.34,3,Женат/Замужем,Среднее,Да,0
30,Мужской,7.79,2,Не женат/Не замужем,,Нет,0
24,Мужской,18.77,2,Женат/Замужем,Неоконченное высшее,Да,0
18,Мужской,50.1,1,Женат/Замужем,Высшее,Да,1
46,Мужской,26.38,2,Не женат/Не замужем,Высшее,Да,1
26,Мужской,,0,Разведён/Разведена,Высшее,Да,1
18,Женский,21.69,1,Женат/Замужем,Высшее,Нет,0
44,Мужской,22.23,0,Разведён/Разведена,Высшее,Да,1
69,Мужской,27.9,1,Разведён/Разведена,Среднее,Да,1
39,Мужской,11.12,1,Женат/Замужем,Среднее,Да,1
50,Мужской,29.62,1,Не женат/Не замужем,Высшее,Нет,0
40,Мужской,5.7,0,Женат/Замужем,Высшее,Да,1
38,Женский,16.08,0,Не женат/Не замужем,Ученая степень,Да,1
51,Мужской,17.26,2,Разведён/Разведена,,Да,1
36,Мужской,30.23,3,Не женат/Не замужем,Неоконченное высшее,Нет,0
43,Мужской,22.28,1,Не женат/Не замужем,Неоконченное высшее,Нет,0
43,Мужской,10.91,2,Женат/Замужем,Среднее,Нет,0
31,Мужской,13.46,0,Не женат/Не замужем,Высшее,Да,1
51,Женский,24.33,0,Не женат/Не замужем,Высшее,Да,1
37,Женский,21.17,2,Женат/Замужем,Неоконченное высшее,Нет,0
30,Женский,16.49,1,Не женат/Не замужем,Высшее,Да,1
46,Мужской,17.32,1,Не женат/Не замужем,,Да,1
29,Мужской,31.2,1,Женат/Замужем,Высшее,Нет,0
40,Мужской,17.0,2,Женат/Замужем,Среднее,Да,1
39,Женский,21.08,2,Женат/Замужем,Среднее,Да,1
53,Женский,65.18,1,Женат/Замужем,Высшее,Нет,1
45,Мужской,10.81,3,Женат/Замужем,Высшее,Нет,0
39,Мужской,8.73,1,Женат/Замужем,Высшее,Да,1
49,Мужской,32.59,1,Разведён/Разведена,Высшее,Да,1
56,Женский,,0,Не женат/Не замужем,Среднее,Да,1
46,Женский,18.79,1,Женат/Замужем,Высшее,Да,1
40,Мужской,14.9,0,Разведён/Разведена,Среднее,Да,1
24,Мужской,19.34,3,Разведён/Разведена,Высшее,Да,0
27,Женский,48.98,1,Не женат/Не замужем,Ученая степень,Нет,1
36,Мужской,32.89,0,Не женат/Не замужем,Высшее,Нет,0
32,Мужской,33.9,1,Женат/Замужем,Среднее,Нет,0
37,Мужской,10.85,0,Не женат/Не замужем,Среднее,Да,1
40,Женский,12.39,0,Разведён/Разведена,Высшее,Да,1
46,Мужской,5.33,0,Женат/Замужем,Высшее,Нет,0
39,Мужской,14.7,0,Женат/Замужем,Высшее,Да,1
45,Женский,35.54,1,Не женат/Не замужем,Среднее,Да,1
40,Мужской,28.52,0,Женат/Замужем,Высшее,Да,1
18,Мужской,19.72,0,Женат/Замужем,Высшее,Нет,0
28,Мужской,21.78,2,Разведён/Разведена,,Нет,0
38,Мужской,15.61,2,Не женат/Не замужем,Высшее,Да,1
25,Женский,24.4,0,Не женат/Не замужем,Среднее,Нет,0
47,Мужской,32.3,1,Женат/Замужем,Высшее,Да,1
58,Мужской,9.82,1,Не женат/Не замужем,Неоконченное высшее,Да,1
54,Женский,25.59,1,Женат/Замужем,Высшее,Нет,0
37,Женский,35.11,0,Разведён/Разведена,Высшее,Нет,0
57,Женский,17.9,2,Женат/Замужем,Высшее,Да,1
41,Мужской,31.27,1,Разведён/Разведена,Среднее,Да,1
35,Мужской,89.98,0,Не женат/Не замужем,Высшее,Нет,1
32,Женский,20.91,0,Не женат/Не замужем,Высшее,Нет,0
36,Мужской,26.81,1,Не женат/Не замужем,Среднее,Нет,0
35,Женский,15.23,0,Женат/Замужем,Среднее,Да,1
42,Женский,24.12,1,Разведён/Разведена,Высшее,Нет,0
41,Женский,27.73,1,Не женат/Не замужем,Среднее,Нет,0
40,Мужской,24.28,1,Женат/Замужем,Среднее,Да,1
45,Мужской,13.23,1,Женат/Замужем,Высшее,Нет,0
54,Женский,24.42,2,Разведён/Разведена,Среднее,Да,1
51,Мужской,45.76,0,Не женат/Не замужем,Неоконченное высшее,Да,1
22,Мужской,27.57,2,Не женат/Не замужем,Среднее,Да,0
18,Женский,35.63,1,Не женат/Не замужем,Высшее,Да,0
51,Женский,19.56,2,Женат/Замужем,Высшее,Да,1
23,Мужской,32.05,2,Не женат/Не замужем,Высшее,Нет,0
37,Мужской,25.33,0,Разведён/Разведена,Среднее,Да,1
25,Мужской,13.69,3,Женат/Замужем,Неоконченное высшее,Да,0
18,Женский,25.83,0,Женат/Замужем,Высшее,Нет,0
46,Женский,13.42,2,Женат/Замужем,Высшее,Да,1
49,Мужской,16.05,1,Не женат/Не замужем,Среднее,Да,1
33,Мужской,24.21,1,Женат/Замужем,Среднее,Да,1
18,Женский,,5,Вдовец/Вдова,Высшее,Да,0
33,Мужской,12.15,1,Разведён/Разведена,Среднее,Да,1
44,Мужской,37.31,1,Разведён/Разведена,Высшее,Нет,0
22,Женский,29.32,3,Разведён/Разведена,Среднее,Да,0
42,Мужской,15.49,0,Не женат/Не замужем,Высшее,Нет,0
39,Женский,10.21,1,Не женат/Не замужем,Ученая степень,Да,1
46,Мужской,20.49,1,Не женат/Не замужем,Высшее,Да,1
41,Мужской,17.62,1,Женат/Замужем,Высшее,Нет,0
28,Женский,,2,Не женат/Не замужем,Высшее,Нет,0
54,Мужской,18.37,0,Женат/Замужем,Высшее,Да,1
38,Женский,8.07,0,Женат/Замужем,Неоконченное высшее,Да,1
39,Женский,18.14,2,Разведён/Разведена,Неоконченное высшее,Да,1
28,Мужской,18.91,1,Женат/Замужем,Высшее,Да,1
34,Мужской,30.24,1,Разведён/Разведена,Среднее,Да,1
29,Мужской,15.54,2,Не женат/Не замужем,Высшее,Нет,0
37,Мужской,50.99,1,Не женат/Не замужем,Среднее,Да,1
60,Мужской,8.47,2,Женат/Замужем,Высшее,Нет,0
23,Мужской,42.43,0,Не женат/Не замужем,Высшее,Да,1
20,Мужской,19.69,3,Не женат/Не замужем,Высшее,Да,0
57,Женский,33.85,0,Женат/Замужем,Неоконченное высшее,Да,1
37,Женский,22.92,3,Не женат/Не замужем,Высшее,Да,0
31,Женский,38.94,0,Женат/Замужем,Среднее,Нет,0
52,Мужской,18.15,2,Женат/Замужем,,Да,1
32,Мужской,12.72,1,Женат/Замужем,Среднее,Да,1
61,Женский,44.81,0,Женат/Замужем,Высшее,Нет,1
48,Мужской,20.81,0,Женат/Замужем,Среднее,Да,1
34,Мужской,24.61,0,Не женат/Не замужем,Среднее,Да,1
65,Женский,40.84,1,Не женат/Не замужем,Ученая степень,Да,1
32,Женский,13.15,1,Женат/Замужем,Среднее,Нет,0
48,Мужской,29.67,0,Женат/Замужем,Высшее,Нет,0
43,Мужской,16.4,0,Женат/Замужем,Среднее,Нет,0
55,Женский,20.62,1,Женат/Замужем,Неоконченное высшее,Да,1
58,Женский,22.84,0,Не женат/Не замужем,,Нет,0
40,Женский,,3,Женат/Замужем,Среднее,Да,0
30,Женский,14.92,0,Женат/Замужем,Среднее,Да,1
45,Женский,43.28,1,Женат/Замужем,Высшее,Нет,1
31,Мужской,34.31,1,Женат/Замужем,Среднее,Да,1
64,Мужской,21.35,1,Женат/Замужем,Высшее,Да,1
41,Женский,24.87,3,Женат/Замужем,Среднее,Да,0
35,Женский,19.01,2,Женат/Замужем,Среднее,Да,1
42,Женский,43.4,3,Не женат/Не замужем,Высшее,Нет,0
23,Мужской,19.93,2,Женат/Замужем,Среднее,Да,0
28,Мужской,24.73,1,Не женат/Не замужем,Неоконченное высшее,Да,1
54,Женский,39.07,3,Не женат/Не замужем,Среднее,Да,0
32,Женский,14.93,0,Вдовец/Вдова,Среднее,Нет,0
27,Женский,48.02,2,Вдовец/Вдова,Ученая степень,Нет,1
46,Женский,10.25,0,Не женат/Не замужем,Высшее,Да,1
54,Женский,49.75,2,Женат/Замужем,,Нет,1
48,Женский,18.28,1,Не женат/Не замужем,Среднее,Нет,0
51,Женский,19.51,1,Женат/Замужем,Высшее,Да,1
30,Женский,8.56,0,Разведён/Разведена,Высшее,Да,1
22,Женский,17.55,1,Вдовец/Вдова,Среднее,Да,0
58,Мужской,13.1,0,Женат/Замужем,Высшее,Нет,0
36,Мужской,16.26,1,Женат/Замужем,Высшее,Да,1
36,Женский,20.56,2,Женат/Замужем,Среднее,Да,1
55,Мужской,35.56,1,Женат/Замужем,Высшее,Да,1
46,Мужской,24.44,0,Разведён/Разведена,Высшее,Нет,0
45,Мужской,25.69,1,Разведён/Разведена,Среднее,Да,1
65,Мужской,12.74,2,Женат/Замужем,Высшее,Нет,0
32,Мужской,14.18,0,Женат/Замужем,Среднее,Нет,0
51,Мужской,54.14,0,Не женат/Не замужем,Высшее,Да,1
40,Женский,15.25,1,Не женат/Не замужем,Высшее,Да,1
43,Мужской,50.42,1,Разведён/Разведена,Высшее,Да,1
58,Мужской,19.51,2,Женат/Замужем,Неоконченное высшее,Нет,0
46,Мужской,22.05,2,Женат/Замужем,Среднее,Да,1
46,Женский,37.62,1,Женат/Замужем,Высшее,Да,1
52,Мужской,41.6,1,Разведён/Разведена,Высшее,Да,1
35,Женский,20.84,4,Не женат/Не замужем,Высшее,Да,0
29,Женский,18.14,3,Разведён/Разведена,Высшее,Нет,0
27,Женский,,2,Разведён/Разведена,Среднее,Нет,0
18,Мужской,26.08,1,Разведён/Разведена,Среднее,Нет,0
64,Женский,34.39,0,Женат/Замужем,,Да,1
26,Мужской,22.07,0,Не женат/Не замужем,Ученая степень,Да,1
37,Женский,30.01,1,Женат/Замужем,Среднее,Нет,0
36,Женский,49.97,2,Женат/Замужем,Неоконченное высшее,Да,1
43,Мужской,26.65,1,Не женат/Не замужем,Высшее,Нет,0
49,Мужской,25.74,0,Женат/Замужем,Среднее,Да,1
50,Мужской,10.31,3,Женат/Замужем,Высшее,Да,0
33,Женский,5.91,1,Разведён/Разведена,Высшее,Нет,0
37,Мужской,26.75,0,Не женат/Не замужем,Неоконченное высшее,Нет,0
43,Женский,21.01,0,Женат/Замужем,Среднее,Нет,0
37,Мужской,17.03,0,Женат/Замужем,,Да,1
59,Женский,24.88,1,Женат/Замужем,Среднее,Да,1
45,Женский,21.37,2,Разведён/Разведена,Среднее,Да,1
48,Женский,38.71,0,Женат/Замужем,Высшее,Да,1
47,Женский,23.0,1,Разведён/Разведена,Неоконченное высшее,Нет,0
54,Мужской,15.16,2,Женат/Замужем,Среднее,Да,1
42,Мужской,36.14,1,Женат/Замужем,Высшее,Нет,0
24,Женский,19.76,1,Не женат/Не замужем,Высшее,Да,0
44,Мужской,,0,Не женат/Не замужем,Среднее,Нет,0
32,Мужской,,0,Не женат/Не замужем,Среднее,Да,1
33,Мужской,15.92,1,Не женат/Не замужем,Высшее,Да,1
47,Мужской,22.97,0,Не женат/Не замужем,Неоконченное высшее,Нет,0
54,Мужской,22.17,3,Не женат/Не замужем,Высшее,Да,0
40,Женский,28.0,2,Не женат/Не замужем,Среднее,Нет,0
43,Мужской,19.26,2,Разведён/Разведена,Среднее,Нет,0
60,Женский,8.79,0,Не женат/Не замужем,Среднее,Нет,0
42,Мужской,17.74,1,Женат/Замужем,Высшее,Да,1
70,Женский,32.76,3,Не женат/Не замужем,Высшее,Да,0
46,Мужской,18.98,0,Разведён/Разведена,Среднее,Да,1
18,Женский,19.47,2,Разведён/Разведена,Высшее,Да,0
49,Женский,36.07,1,Женат/Замужем,Высшее,Да,1
44,Мужской,15.43,0,Женат/Замужем,Высшее,Да,1
55,Женский,10.18,0,Не женат/Не замужем,Ученая степень,Да,1
48,Женский,20.33,0,Вдовец/Вдова,Среднее,Да,1
38,Женский,17.29,0,Разведён/Разведена,Неоконченное высшее,Да,1
25,Женский,13.59,1,Разведён/Разведена,Среднее,Да,0
37,Мужской,20.18,2,Женат/Замужем,Среднее,Да,1
29,Женский,28.16,3,Женат/Замужем,Неоконченное высшее,Нет,0
33,Мужской,,0,Разведён/Разведена,Неоконченное высшее,Да,1
47,Мужской,25.68,4,Не женат/Не замужем,Высшее,Да,0
60,Женский,54.54,1,Женат/Замужем,Высшее,Да,1
44,Мужской,18.56,0,Не женат/Не замужем,Высшее,Нет,0
25,Женский,25.32,1,Разведён/Разведена,Высшее,Да,0
45,Женский,17.08,2,Не женат/Не замужем,Среднее,Да,1
54,Женский,14.43,3,Не женат/Не замужем,Высшее,Нет,0
32,Женский,16.44,1,Женат/Замужем,Высшее,Нет,0
38,Мужской,17.34,1,Женат/Замужем,Высшее,Да,1
40,Мужской,26.36,1,Женат/Замужем,Высшее,Да,1
30,Мужской,71.29,1,Не женат/Не замужем,Высшее,Да,1
47,Мужской,15.4,2,Не женат/Не замужем,Неоконченное высшее,Да,1
38,Мужской,17.88,0,Женат/Замужем,Высшее,Нет,0
45,Мужской,21.34,3,Вдовец/Вдова,Ученая степень,Да,0
29,Женский,26.85,0,Разведён/Разведена,Среднее,Нет,0
34,Женский,25.13,4,Женат/Замужем,Высшее,Да,0
48,Мужской,41.86,1,Разведён/Разведена,Высшее,Нет,1
35,Женский,6.55,1,Женат/Замужем,Высшее,Да,1
60,Мужской,6.68,0,Женат/Замужем,Высшее,Да,1
35,Мужской,17.19,2,Женат/Замужем,Высшее,Да,1
42,Женский,38.13,2,Женат/Замужем,Неоконченное высшее,Да,1
51,Женский,,2,Женат/Замужем,Высшее,Да,1
22,Женский,4.9,1,Женат/Замужем,Среднее,Нет,0
18,Мужской,29.31,3,Женат/Замужем,Высшее,Да,0
21,Женский,24.88,3,Не женат/Не замужем,Высшее,Нет,0
55,Женский,12.77,2,Не женат/Не замужем,Среднее,Да,1
33,Женский,13.46,1,Женат/Замужем,Неоконченное высшее,Да,1
70,Женский,13.56,1,Не женат/Не замужем,Высшее,Нет,0
33,Женский,23.28,1,Не женат/Не замужем,Высшее,Да,1
42,Женский,16.1,1,Женат/Замужем,Среднее,Да,1
58,Женский,28.2,0,Женат/Замужем,,Да,1
64,Женский,5.29,3,Женат/Замужем,Высшее,Да,0
64,Женский,14.35,3,Женат/Замужем,Среднее,Нет,0
54,Мужской,12.54,3,Разведён/Разведена,Высшее,Нет,0
52,Женский,19.38,0,Разведён/Разведена,Среднее,Да,1
47,Мужской,16.83,1,Разведён/Разведена,Высшее,Нет,0
